{
    "train_acc": [
        [
            0.15789473684210525,
            0.27856225930680356,
            0.306803594351733,
            0.37869062901155326,
            0.4801026957637997,
            0.5275994865211809,
            0.6033376123234916,
            0.6996148908857509,
            0.7535301668806161,
            0.8048780487804877,
            0.8344030808729139,
            0.8562259306803593,
            0.8716302952503209,
            0.876765083440308,
            0.8806161745827984
        ],
        [
            0.1810012836970475,
            0.28369704749679076,
            0.29525032092426184,
            0.4005134788189987,
            0.5622593068035943,
            0.6161745827984595,
            0.6521181001283697,
            0.7445442875481386,
            0.7740693196405648,
            0.8421052631578947,
            0.8716302952503209,
            0.8857509627727855,
            0.8998716302952503,
            0.9191270860077021,
            0.9281129653401796
        ],
        [
            0.15019255455712452,
            0.2939666238767651,
            0.3709884467265725,
            0.4120667522464698,
            0.496790757381258,
            0.5815147625160462,
            0.6546854942233632,
            0.7098844672657252,
            0.717586649550706,
            0.7612323491655969,
            0.803594351732991,
            0.8189987163029524,
            0.8318356867779203,
            0.8498074454428755,
            0.8510911424903722
        ],
        [
            0.2692307692307692,
            0.3230769230769231,
            0.3923076923076923,
            0.5128205128205128,
            0.5576923076923077,
            0.6358974358974359,
            0.6948717948717948,
            0.7487179487179487,
            0.7884615384615384,
            0.8141025641025641,
            0.8307692307692308,
            0.8910256410256411,
            0.8807692307692307,
            0.9025641025641026,
            0.9153846153846154
        ]
    ],
    "train_loss": [
        [
            2.251170805522374,
            2.007934604372297,
            1.8866830553327287,
            1.740517326763698,
            1.5764208010264806,
            1.4328723634992326,
            1.2837902903556824,
            1.1019496321678162,
            0.9704365304538182,
            0.8245642525809151,
            0.75079174552645,
            0.6915646365710667,
            0.635823632989611,
            0.593792587518692,
            0.5837132930755615
        ],
        [
            2.220609324319022,
            2.0024711745125905,
            1.9493650027683802,
            1.7635491064616613,
            1.5377099514007568,
            1.3237007686070033,
            1.1747518266950334,
            1.0115689464977808,
            0.8781270555087498,
            0.7668489558356149,
            0.6742471541677203,
            0.6176633834838867,
            0.5493736479963575,
            0.5214912125042507,
            0.49476645248276846
        ],
        [
            2.296830449785505,
            2.0488281420298984,
            1.876999855041504,
            1.7849301270076208,
            1.5910670076097762,
            1.4673523221697127,
            1.2413559130259924,
            1.1237122842243739,
            1.0222379394939967,
            0.9042779377528599,
            0.7885535444532122,
            0.7643714462007795,
            0.6875735606466021,
            0.6557388773986271,
            0.6445951759815216
        ],
        [
            2.14115732056754,
            1.9242782252175468,
            1.7169499737875802,
            1.4620095832007272,
            1.2826555200985499,
            1.146418537412371,
            1.0294072372572762,
            0.8737456755978721,
            0.7906657074178968,
            0.7217693712030139,
            0.6455458785806384,
            0.5833299458026886,
            0.5499397984572819,
            0.5019287509577615,
            0.5024629362991878
        ]
    ],
    "val_acc": [
        [
            0.30000000000000004,
            0.30000000000000004,
            0.38461538461538464,
            0.35384615384615387,
            0.4538461538461539,
            0.5346153846153846,
            0.6000000000000001,
            0.6423076923076924,
            0.6615384615384616,
            0.6846153846153846,
            0.6961538461538462,
            0.6884615384615385,
            0.6961538461538462,
            0.6961538461538462,
            0.7000000000000001
        ],
        [
            0.30000000000000004,
            0.3384615384615385,
            0.38846153846153847,
            0.5269230769230769,
            0.5038461538461538,
            0.5115384615384616,
            0.6076923076923078,
            0.5923076923076923,
            0.6230769230769231,
            0.6192307692307693,
            0.676923076923077,
            0.65,
            0.6692307692307693,
            0.676923076923077,
            0.676923076923077
        ],
        [
            0.31153846153846154,
            0.36923076923076925,
            0.3423076923076923,
            0.49615384615384617,
            0.46153846153846156,
            0.5307692307692308,
            0.5846153846153846,
            0.5692307692307692,
            0.6269230769230769,
            0.6653846153846155,
            0.6807692307692308,
            0.676923076923077,
            0.6923076923076923,
            0.7000000000000001,
            0.7038461538461539
        ],
        [
            0.2548262548262548,
            0.3127413127413127,
            0.3938223938223938,
            0.5173745173745173,
            0.5482625482625483,
            0.5328185328185329,
            0.6177606177606177,
            0.5791505791505792,
            0.6447876447876448,
            0.6293436293436293,
            0.6525096525096525,
            0.6718146718146718,
            0.667953667953668,
            0.6872586872586873,
            0.6795366795366795
        ]
    ],