{
    "train_acc": [
        [
            0.2747111681643132,
            0.47625160462130933,
            0.686777920410783,
            0.7727856225930679,
            0.8241335044929397,
            0.8292682926829268,
            0.8356867779204107,
            0.852374839537869,
            0.8562259306803593,
            0.8498074454428755
        ],
        [
            0.30423620025673936,
            0.5494223363286264,
            0.662387676508344,
            0.7355584082156611,
            0.7715019255455712,
            0.8023106546854941,
            0.8292682926829268,
            0.8292682926829268,
            0.8472400513478818,
            0.8189987163029524
        ],
        [
            0.2798459563543004,
            0.5275994865211809,
            0.6842105263157894,
            0.741976893453145,
            0.7753530166880616,
            0.7997432605905006,
            0.82798459563543,
            0.8267008985879332,
            0.8318356867779203,
            0.8267008985879332
        ]
    ],
    "train_loss": [
        [
            2.0338492734091624,
            1.4778497559683663,
            1.137301070349557,
            0.9543632864952087,
            0.8832750064986092,
            0.8266038341181619,
            0.802090368100575,
            0.7626732204641614,
            0.7261755764484406,
            0.7462182683604104
        ],
        [
            2.009552921567644,
            1.459642938205174,
            1.148250869342259,
            0.9888498357364109,
            0.8685653465134757,
            0.8255838240895953,
            0.7783545894282204,
            0.7697847357818058,
            0.7856253428118569,
            0.7286661863327026
        ],
        [
            2.0594242300306047,
            1.4331023863383703,
            1.1580720714160375,
            0.9907047493117196,
            0.9468108245304653,
            0.8364983924797603,
            0.8421071767807007,
            0.7802816714559283,
            0.7639224529266357,
            0.7733075491019658
        ]
    ],
    "val_acc": [
        [
            0.4884615384615385,
            0.7423076923076923,
            0.8500000000000001,
            0.8653846153846154,
            0.8961538461538462,
            0.9076923076923078,
            0.9076923076923078,
            0.9076923076923078,
            0.9076923076923078,
            0.9076923076923078
        ],
        [
            0.5692307692307692,
            0.6730769230769231,
            0.826923076923077,
            0.8384615384615385,
            0.9076923076923078,
            0.926923076923077,
            0.9384615384615385,
            0.9423076923076924,
            0.9538461538461539,
            0.9538461538461539
        ],
        [
            0.5692307692307692,
            0.7076923076923077,
            0.8230769230769232,
            0.8423076923076923,
            0.9076923076923078,
            0.9423076923076924,
            0.9576923076923077,
            0.9692307692307693,
            0.9615384615384616,
            0.9615384615384616
        ]
    ],
    "val_loss": [
        [
            1.4690910180409749,
            0.9701059659322103,
            0.6352907518545786,
            0.47835206985473633,
            0.4254445930322011,
            0.35599640508492786,
            0.31361856559912366,
            0.324969877799352,
            0.3093919058640798,
            0.2894271637002627
        ],
        [
            1.3590782086054485,
            0.9764943321545919,
            0.7144332528114319,
            0.5350653330485026,
            0.4296569228172302,
            0.37808505694071454,
            0.3406883378823598,
            0.32771189014116925,
            0.30268556873003644,
            0.3070393006006877
        ],
        [
            1.3292635679244995,
            0.8912016550699869,
            0.658848245938619,
            0.5104176998138428,
            0.4192606210708618,
            0.35542334119478863,
            0.3450472354888916,
            0.31666411956151325,
            0.30872367819150287,
            0.31778136889139813
        ]
    ],
    "val_acc_max": [
        0.9076923076923078,
        0.9538461538461539,
        0.9692307692307693
    ]
}