{
    "train_acc": [
        [
            0.25417201540436457,
            0.3748395378690629,
            0.5121951219512195,
            0.6084724005134787,
            0.7214377406931963,
            0.7637997432605904,
            0.8395378690629011,
            0.8754813863928113,
            0.8973042362002567,
            0.9229781771501925,
            0.9345314505776636,
            0.9409499358151475,
            0.9460847240051348,
            0.9422336328626444,
            0.9473684210526315
        ],
        [
            0.27599486521181,
            0.4441591784338896,
            0.6020539152759948,
            0.6880616174582798,
            0.7933247753530166,
            0.858793324775353,
            0.8921694480102695,
            0.9165596919127086,
            0.9345314505776636,
            0.9332477535301669,
            0.9448010269576379,
            0.9512195121951219,
            0.9576379974326058,
            0.9640564826700898,
            0.9640564826700898
        ],
        [
            0.23876765083440307,
            0.30808729139922975,
            0.410783055198973,
            0.47753530166880614,
            0.5507060333761232,
            0.6290115532734274,
            0.6777920410783055,
            0.7073170731707317,
            0.7342747111681642,
            0.7766367137355583,
            0.8395378690629011,
            0.8472400513478818,
            0.8664955070603337,
            0.8806161745827984,
            0.8934531450577663
        ],
        [
            0.2641025641025641,
            0.3217948717948718,
            0.5,
            0.6333333333333333,
            0.6923076923076923,
            0.7717948717948718,
            0.8474358974358974,
            0.8564102564102564,
            0.8846153846153846,
            0.8948717948717949,
            0.9,
            0.9102564102564102,
            0.9294871794871795,
            0.9423076923076923,
            0.9397435897435897
        ]
    ],
    "train_loss": [
        [
            2.0821805876128527,
            1.7904078790119715,
            1.511547743057718,
            1.2439000691686357,
            0.9775820386653044,
            0.8502789608069828,
            0.692242501645672,
            0.5886252041982145,
            0.4919788134949548,
            0.40693412067330614,
            0.3377292302190041,
            0.3018249986427171,
            0.2753403662722938,
            0.2718856194037564,
            0.2460907974413463
        ],
        [
            2.0582891921607818,
            1.688632286324793,
            1.3450916372999853,
            1.094475889692501,
            0.8570549348179175,
            0.662464509813153,
            0.5439336260362547,
            0.41481937756951975,
            0.32604797366930516,
            0.260713629424572,
            0.23783894255757332,
            0.20355842726267115,
            0.19164512838636125,
            0.1628729977778026,
            0.15768829353001654
        ],
        [
            2.130834294825184,
            1.9340000785126978,
            1.7023808469577713,
            1.5424114927953603,
            1.3976551111863584,
            1.253396867489328,
            1.1173341724337365,
            0.9895313102371839,
            0.8994206348244025,
            0.7892804516821491,
            0.6758157732535381,
            0.6122314869141092,
            0.5517068365398718,
            0.5162855982780457,
            0.4856601108093651
        ],
        [
            2.099532669904281,
            1.887647913426769,
            1.5735785961151123,
            1.2632611345271676,
            1.0376570504538867,
            0.8405641870839256,
            0.6333568692207336,
            0.5462214770365734,
            0.44707528440927974,
            0.40735408572518095,
            0.357342325455072,
            0.3207472001715582,
            0.27569895222478985,
            0.25570777910096304,
            0.24496702925891292
        ]
    ],
    "val_acc": [
        [
            0.3153846153846154,
            0.4538461538461539,
            0.5730769230769232,
            0.5692307692307692,
            0.576923076923077,
            0.6807692307692308,
            0.6923076923076923,
            0.7038461538461539,
            0.7038461538461539,
            0.7153846153846154,
            0.7153846153846154,
            0.7153846153846154,
            0.7115384615384616,
            0.7038461538461539,
            0.7076923076923077
        ],
        [
            0.35384615384615387,
            0.46153846153846156,
            0.5461538461538462,
            0.6307692307692307,
            0.6653846153846155,
            0.6923076923076923,
            0.6692307692307693,
            0.6923076923076923,
            0.7153846153846154,
            0.7076923076923077,
            0.7192307692307692,
            0.726923076923077,
            0.726923076923077,
            0.7384615384615385,
            0.7346153846153847
        ],
        [
            0.31153846153846154,
            0.40384615384615385,
            0.5,
            0.5,
            0.5576923076923077,
            0.5653846153846154,
            0.5653846153846154,
            0.5961538461538461,
            0.6269230769230769,
            0.6615384615384616,
            0.6692307692307693,
            0.6730769230769231,
            0.6923076923076923,
            0.6961538461538462,
            0.6884615384615385
        ],
        [
            0.2548262548262548,
            0.40540540540540543,
            0.5791505791505792,
            0.6177606177606177,
            0.6370656370656371,
            0.6602316602316602,
            0.6988416988416989,
            0.7065637065637066,
            0.7027027027027027,
            0.7142857142857143,
            0.7142857142857143,
            0.722007722007722,
            0.7335907335907336,
            0.7374517374517374,
            0.7451737451737452
        ]
    ],