{
    "train_acc": [
        [
            0.21694480102695762,
            0.31322207958921694,
            0.3671373555840821,
            0.41591784338896015,
            0.4672657252888318,
            0.4364569961489088,
            0.5134788189987163,
            0.5982028241335045,
            0.6354300385109114,
            0.6906290115532734,
            0.7214377406931963,
            0.7265725288831835,
            0.7637997432605904,
            0.7817715019255456,
            0.7997432605905006
        ],
        [
            0.12195121951219512,
            0.2721437740693196,
            0.2926829268292683,
            0.4287548138639281,
            0.49807445442875475,
            0.5686777920410783,
            0.6097560975609756,
            0.7535301668806161,
            0.7702182284980744,
            0.82798459563543,
            0.8421052631578947,
            0.8639281129653401,
            0.8729139922978176,
            0.8870346598202824,
            0.8857509627727855
        ],
        [
            0.15661103979460847,
            0.27599486521181,
            0.3273427471116816,
            0.47625160462130933,
            0.5802310654685494,
            0.6842105263157894,
            0.7163029525032092,
            0.7573812580231065,
            0.8112965340179717,
            0.8446726572528882,
            0.8780487804878048,
            0.8844672657252888,
            0.913992297817715,
            0.8985879332477534,
            0.9114249037227213
        ],
        [
            0.21025641025641026,
            0.30641025641025643,
            0.36923076923076925,
            0.46153846153846156,
            0.558974358974359,
            0.658974358974359,
            0.7461538461538462,
            0.7987179487179488,
            0.8051282051282052,
            0.8397435897435898,
            0.8692307692307693,
            0.8846153846153846,
            0.9012820512820513,
            0.8897435897435897,
            0.9025641025641026
        ]
    ],
    "train_loss": [
        [
            2.1782767261777605,
            1.9711578573499406,
            1.825476850782122,
            1.6248027767453874,
            1.5570506027766637,
            1.4720864295959473,
            1.3540199143545968,
            1.1748126319476537,
            1.1052151748112269,
            0.9852527976036072,
            0.9308726702417646,
            0.8534533722060067,
            0.8165938002722604,
            0.7625619683946881,
            0.7454823340688433
        ],
        [
            2.322871650968279,
            2.0482378687177385,
            1.9291388307298933,
            1.7274194274629866,
            1.5363685403551375,
            1.4260914496013097,
            1.3091399839946203,
            1.0468888878822327,
            0.9075823511396136,
            0.7724994591304234,
            0.6891333631106785,
            0.64853264604296,
            0.6089627189295632,
            0.5772636788231986,
            0.5672295306410108
        ],
        [
            2.2648158754621233,
            2.0324792521340505,
            1.857168163572039,
            1.6198162521634782,
            1.4155262197766985,
            1.1835706915174211,
            1.0432144744055611,
            0.9199877977371216,
            0.7664839412484851,
            0.6724344449383872,
            0.6378809852259499,
            0.558766803571156,
            0.5041774341038295,
            0.4875021960054125,
            0.46259642924581257
        ],
        [
            2.1726246220724925,
            1.9557047571454729,
            1.7737950767789568,
            1.5610549449920654,
            1.36898592540196,
            1.1233699577195304,
            0.938280497278486,
            0.8272639853613717,
            0.7438983150890895,
            0.6385307056563241,
            0.5717132219246456,
            0.5144641995429993,
            0.49696000133241924,
            0.4702950652156557,
            0.4527996288878577
        ]
    ],
    "val_acc": [
        [
            0.30000000000000004,
            0.3384615384615385,
            0.3730769230769231,
            0.45,
            0.4730769230769231,
            0.5,
            0.5692307692307692,
            0.5615384615384615,
            0.6384615384615385,
            0.6384615384615385,
            0.6538461538461539,
            0.6692307692307693,
            0.6807692307692308,
            0.6576923076923077,
            0.6615384615384616
        ],
        [
            0.30000000000000004,
            0.3269230769230769,
            0.4,
            0.3730769230769231,
            0.5923076923076923,
            0.55,
            0.5461538461538462,
            0.5884615384615385,
            0.6038461538461539,
            0.6269230769230769,
            0.6307692307692307,
            0.6269230769230769,
            0.6307692307692307,
            0.6461538461538462,
            0.6269230769230769
        ],
        [
            0.31153846153846154,
            0.31923076923076926,
            0.4115384615384616,
            0.49615384615384617,
            0.5615384615384615,
            0.6153846153846154,
            0.6576923076923077,
            0.6307692307692307,
            0.6884615384615385,
            0.7153846153846154,
            0.7000000000000001,
            0.7076923076923077,
            0.7230769230769232,
            0.7307692307692308,
            0.7307692307692308
        ],
        [
            0.2548262548262548,
            0.2548262548262548,
            0.3706563706563707,
            0.40540540540540543,
            0.5482625482625483,
            0.5830115830115831,
            0.6216216216216216,
            0.6525096525096525,
            0.6254826254826255,
            0.6718146718146718,
            0.667953667953668,
            0.6756756756756757,
            0.6795366795366795,
            0.6795366795366795,
            0.6872586872586873
        ]
    ],