{
    "train_acc": [
        [
            0.31322207958921694,
            0.5288831835686778,
            0.6739409499358151,
            0.7779204107830552,
            0.7984595635430038,
            0.8305519897304235,
            0.8433889602053914,
            0.8575096277278562,
            0.8575096277278562,
            0.8626444159178434,
            0.8600770218228497,
            0.8806161745827984,
            0.8613607188703465,
            0.8639281129653401,
            0.8677792041078305
        ],
        [
            0.3170731707317073,
            0.5622593068035943,
            0.6752246469833119,
            0.7445442875481386,
            0.7894736842105262,
            0.8202824133504493,
            0.8472400513478818,
            0.8498074454428755,
            0.8395378690629011,
            0.8510911424903722,
            0.8536585365853658,
            0.858793324775353,
            0.8741976893453144,
            0.8703465982028241,
            0.8613607188703465
        ],
        [
            0.2644415917843389,
            0.5121951219512195,
            0.6842105263157894,
            0.7394094993581515,
            0.7804878048780487,
            0.8202824133504493,
            0.8395378690629011,
            0.8562259306803593,
            0.8690629011553272,
            0.8613607188703465,
            0.8626444159178434,
            0.8652118100128369,
            0.8652118100128369,
            0.8806161745827984,
            0.8741976893453144
        ],
        [
            0.3435897435897436,
            0.6051282051282051,
            0.8038461538461539,
            0.8666666666666667,
            0.9179487179487179,
            0.9307692307692308,
            0.9474358974358974,
            0.9538461538461539,
            0.958974358974359,
            0.9628205128205128,
            0.9717948717948718,
            0.9782051282051282,
            0.9769230769230769,
            0.9666666666666667,
            0.967948717948718
        ]
    ],
    "train_loss": [
        [
            1.9994713749204363,
            1.4186430147715978,
            1.089878797531128,
            0.9282595259802682,
            0.824440964630672,
            0.7943227674279895,
            0.7326559977872031,
            0.7025929731982095,
            0.6544818495001111,
            0.6720568580286843,
            0.6578645365578788,
            0.6562422918421882,
            0.6777905012880053,
            0.6625245766980308,
            0.6116894142968314
        ],
        [
            1.9901827573776245,
            1.44345189843859,
            1.1290861112730843,
            0.9401370286941528,
            0.8165636488369533,
            0.7893396488257817,
            0.7425864636898041,
            0.7495894432067871,
            0.7522893249988556,
            0.7099260858127049,
            0.6639456621238163,
            0.7061667697770255,
            0.6906382335083825,
            0.6481356195041111,
            0.646235676748412
        ],
        [
            2.0617775235857283,
            1.4759180205208915,
            1.1429426755223955,
            0.9475451452391488,
            0.8641237616539001,
            0.7849131183964866,
            0.7367822527885437,
            0.7375838799136025,
            0.6516886736665454,
            0.690992853471211,
            0.6373792460986546,
            0.645452401467732,
            0.6559555849858693,
            0.6491389189447675,
            0.6340960051332202
        ],
        [
            1.8653969253812517,
            1.135610282421112,
            0.734596814428057,
            0.5484256659235273,
            0.3979186415672302,
            0.3251028742109026,
            0.27223575328077587,
            0.23997790685721807,
            0.2277288351740156,
            0.19126071674483164,
            0.1894525843007224,
            0.16414273423807962,
            0.16161808584417617,
            0.17278853058815002,
            0.1715515341077532
        ]
    ],
    "val_acc": [
        [
            0.5230769230769231,
            0.726923076923077,
            0.8307692307692308,
            0.8653846153846154,
            0.8807692307692309,
            0.9,
            0.9038461538461539,
            0.9076923076923078,
            0.9076923076923078,
            0.9076923076923078,
            0.9115384615384616,
            0.9076923076923078,
            0.9115384615384616,
            0.9230769230769231,
            0.9153846153846155
        ],
        [
            0.5576923076923077,
            0.6576923076923077,
            0.8307692307692308,
            0.9,
            0.9423076923076924,
            0.9461538461538462,
            0.9653846153846154,
            0.976923076923077,
            0.976923076923077,
            0.976923076923077,
            0.976923076923077,
            0.976923076923077,
            0.976923076923077,
            0.976923076923077,
            0.976923076923077
        ],
        [
            0.4807692307692308,
            0.6961538461538462,
            0.8230769230769232,
            0.8846153846153847,
            0.9192307692307693,
            0.9538461538461539,
            0.9730769230769232,
            0.9730769230769232,
            0.976923076923077,
            0.9730769230769232,
            0.976923076923077,
            0.9730769230769232,
            0.976923076923077,
            0.976923076923077,
            0.9730769230769232
        ],
        [
            0.38223938223938225,
            0.5907335907335908,
            0.6254826254826255,
            0.6718146718146718,
            0.694980694980695,
            0.6988416988416989,
            0.7065637065637066,
            0.7065637065637066,
            0.7181467181467182,
            0.7065637065637066,
            0.7104247104247104,
            0.7181467181467182,
            0.7142857142857143,
            0.7181467181467182,
            0.7065637065637066
        ]
    ],