{
    "train_acc": [
        [
            0.5263157894736842,
            0.8254172015404364,
            0.8472400513478818,
            0.8498074454428755,
            0.8626444159178434,
            0.8472400513478818,
            0.8600770218228497,
            0.8729139922978176,
            0.8741976893453144,
            0.8793324775353016,
            0.8729139922978176,
            0.876765083440308,
            0.8729139922978176,
            0.8780487804878048,
            0.8729139922978176
        ],
        [
            0.5481386392811296,
            0.7894736842105262,
            0.8344030808729139,
            0.8369704749679076,
            0.8459563543003851,
            0.8549422336328626,
            0.8575096277278562,
            0.8600770218228497,
            0.8575096277278562,
            0.8549422336328626,
            0.8562259306803593,
            0.8652118100128369,
            0.8549422336328626,
            0.8626444159178434,
            0.8664955070603337
        ],
        [
            0.5442875481386392,
            0.7920410783055198,
            0.8369704749679076,
            0.8421052631578947,
            0.8382541720154043,
            0.8536585365853658,
            0.8690629011553272,
            0.8549422336328626,
            0.8716302952503209,
            0.8729139922978176,
            0.8626444159178434,
            0.8716302952503209,
            0.8793324775353016,
            0.8690629011553272,
            0.8664955070603337
        ],
        [
            0.6256410256410256,
            0.8807692307692307,
            0.9205128205128205,
            0.9487179487179487,
            0.9423076923076923,
            0.9487179487179487,
            0.9435897435897436,
            0.9487179487179487,
            0.9628205128205128,
            0.9512820512820512,
            0.95,
            0.9564102564102565,
            0.958974358974359,
            0.9551282051282052,
            0.9576923076923077
        ]
    ],
    "train_loss": [
        [
            1.4274450358079405,
            0.7547931780620497,
            0.6300476500574423,
            0.5756040093850117,
            0.5391394553744063,
            0.5223498990645215,
            0.5388200480719002,
            0.48014596644408847,
            0.48933603644979246,
            0.4790861274362827,
            0.4911119271906055,
            0.47217119135418717,
            0.4662442867244993,
            0.4702666125887511,
            0.47797126490242625
        ],
        [
            1.4107105452187207,
            0.8049853821190036,
            0.6430541054934872,
            0.5989724364207716,
            0.5830509877022432,
            0.5541959432314854,
            0.5467256458134068,
            0.5426748939314667,
            0.5162534174718418,
            0.5187858562080228,
            0.5340843646958167,
            0.5125604514412734,
            0.5306748329680793,
            0.4875046302165304,
            0.5121995663764526
        ],
        [
            1.4248546118638954,
            0.7729017941319213,
            0.6407469006217256,
            0.5824176009212222,
            0.5994425560442769,
            0.5383221706261441,
            0.532746076279757,
            0.5287939943373203,
            0.5148067685718439,
            0.4938160304208191,
            0.5193036855483542,
            0.4697079950449418,
            0.4985689717744078,
            0.48749393361563587,
            0.5064176720928173
        ],
        [
            1.1709489281080208,
            0.4723785087770345,
            0.32330495453610714,
            0.25223532767624274,
            0.21976592695834685,
            0.2047783679195813,
            0.1883554253347066,
            0.19051753052947473,
            0.16844690172952048,
            0.17475543939033333,
            0.15756099705337262,
            0.16214872516539633,
            0.15297489788155166,
            0.14977802389434405,
            0.15546649215476854
        ]
    ],
    "val_acc": [
        [
            0.8653846153846154,
            0.8961538461538462,
            0.9038461538461539,
            0.9,
            0.8961538461538462,
            0.9,
            0.9,
            0.9,
            0.9,
            0.9076923076923078,
            0.9076923076923078,
            0.9115384615384616,
            0.9115384615384616,
            0.9038461538461539,
            0.9038461538461539
        ],
        [
            0.8615384615384616,
            0.9346153846153846,
            0.9461538461538462,
            0.9500000000000001,
            0.9500000000000001,
            0.9538461538461539,
            0.9576923076923077,
            0.9576923076923077,
            0.9615384615384616,
            0.9615384615384616,
            0.9576923076923077,
            0.9576923076923077,
            0.9615384615384616,
            0.9615384615384616,
            0.9615384615384616
        ],
        [
            0.8615384615384616,
            0.9076923076923078,
            0.9307692307692308,
            0.9423076923076924,
            0.9576923076923077,
            0.9538461538461539,
            0.9692307692307693,
            0.9692307692307693,
            0.9692307692307693,
            0.9730769230769232,
            0.9692307692307693,
            0.9730769230769232,
            0.9692307692307693,
            0.9692307692307693,
            0.9692307692307693
        ],
        [
            0.667953667953668,
            0.694980694980695,
            0.694980694980695,
            0.694980694980695,
            0.7065637065637066,
            0.7065637065637066,
            0.7104247104247104,
            0.7142857142857143,
            0.7065637065637066,
            0.7181467181467182,
            0.7142857142857143,
            0.7258687258687259,
            0.7142857142857143,
            0.7104247104247104,
            0.7258687258687259
        ]
    ],