{
    "train_acc": [
        [
            0.2092426187419769,
            0.28241335044929394,
            0.30038510911424904,
            0.3889602053915276,
            0.4813863928112965,
            0.6200256739409499,
            0.7432605905006417,
            0.7946084724005135,
            0.8189987163029524,
            0.8652118100128369,
            0.8780487804878048,
            0.8908857509627727,
            0.907573812580231,
            0.9037227214377406,
            0.9101412066752246
        ],
        [
            0.18356867779204106,
            0.2991014120667522,
            0.4094993581514762,
            0.4916559691912708,
            0.576379974326059,
            0.6572528883183568,
            0.6970474967907573,
            0.7625160462130937,
            0.8125802310654685,
            0.8459563543003851,
            0.8870346598202824,
            0.9050064184852374,
            0.913992297817715,
            0.9024390243902438,
            0.9165596919127086
        ],
        [
            0.18870346598202822,
            0.3106546854942233,
            0.4120667522464698,
            0.5057766367137355,
            0.576379974326059,
            0.6354300385109114,
            0.6726572528883183,
            0.7317073170731707,
            0.7650834403080873,
            0.7997432605905006,
            0.8510911424903722,
            0.8973042362002567,
            0.9011553273427471,
            0.8960205391527599,
            0.9152759948652117
        ],
        [
            0.18846153846153846,
            0.3128205128205128,
            0.35128205128205126,
            0.4217948717948718,
            0.5307692307692308,
            0.5858974358974359,
            0.6987179487179487,
            0.7576923076923077,
            0.8333333333333334,
            0.8474358974358974,
            0.8576923076923076,
            0.8782051282051282,
            0.8987179487179487,
            0.8987179487179487,
            0.9076923076923077
        ]
    ],
    "train_loss": [
        [
            2.165766886302403,
            2.0215289081845964,
            1.8979103394917078,
            1.7780670949390955,
            1.5282702956880843,
            1.3101762192589896,
            1.1203183361462183,
            0.9596751247133527,
            0.8343268632888794,
            0.7078860913004194,
            0.6443194661821637,
            0.5617734491825104,
            0.5116885900497437,
            0.5070643212114062,
            0.4802824982575008
        ],
        [
            2.2302593844277516,
            2.0048749446868896,
            1.8017710958208357,
            1.60161326612745,
            1.378564374787467,
            1.1879263945988245,
            1.0490410668509347,
            0.9142752034323556,
            0.7683167542730059,
            0.6648560592106411,
            0.5861100426742009,
            0.5360412810529981,
            0.4974442166941507,
            0.4841753670147487,
            0.46241053087370737
        ],
        [
            2.2179724148341586,
            2.021784714290074,
            1.8460791110992432,
            1.5774660280772619,
            1.370620812688555,
            1.2238394021987915,
            1.102678724697658,
            0.9368698341505868,
            0.8285948293549674,
            0.7300335509436471,
            0.645343039716993,
            0.5800470837524959,
            0.5531149847166879,
            0.5402889251708984,
            0.5192964204720089
        ],
        [
            2.1873442786080495,
            1.958029338291713,
            1.8005297524588448,
            1.579968844141279,
            1.4002573319843836,
            1.215643755027226,
            1.0422848122460502,
            0.8461342624255589,
            0.7632983880383628,
            0.6479973239558083,
            0.574299482362611,
            0.5157532138483865,
            0.4871411238397871,
            0.459478286760194,
            0.43812674071107593
        ]
    ],
    "val_acc": [
        [
            0.30000000000000004,
            0.30000000000000004,
            0.3307692307692308,
            0.5576923076923077,
            0.5730769230769232,
            0.6269230769230769,
            0.6807692307692308,
            0.6615384615384616,
            0.6961538461538462,
            0.6923076923076923,
            0.6961538461538462,
            0.7038461538461539,
            0.726923076923077,
            0.7153846153846154,
            0.7153846153846154
        ],
        [
            0.30000000000000004,
            0.3384615384615385,
            0.38461538461538464,
            0.4884615384615385,
            0.5461538461538462,
            0.5807692307692308,
            0.6307692307692307,
            0.6153846153846154,
            0.6384615384615385,
            0.6730769230769231,
            0.676923076923077,
            0.6884615384615385,
            0.6961538461538462,
            0.7000000000000001,
            0.7076923076923077
        ],
        [
            0.31153846153846154,
            0.4653846153846154,
            0.4807692307692308,
            0.5153846153846154,
            0.5153846153846154,
            0.5538461538461539,
            0.5846153846153846,
            0.6000000000000001,
            0.6538461538461539,
            0.6884615384615385,
            0.7038461538461539,
            0.7192307692307692,
            0.7230769230769232,
            0.726923076923077,
            0.726923076923077
        ],
        [
            0.2548262548262548,
            0.2548262548262548,
            0.35135135135135137,
            0.46332046332046334,
            0.555984555984556,
            0.5907335907335908,
            0.61003861003861,
            0.6525096525096525,
            0.6756756756756757,
            0.6602316602316602,
            0.6640926640926641,
            0.6756756756756757,
            0.6795366795366795,
            0.6911196911196912,
            0.6833976833976834
        ]
    ],