{
    "train_acc": [
        [
            0.25673940949935814,
            0.3722721437740693,
            0.5622593068035943,
            0.7278562259306803,
            0.8087291399229781,
            0.8793324775353016,
            0.9024390243902438,
            0.9114249037227213,
            0.9293966623876765,
            0.962772785622593,
            0.9602053915275994,
            0.962772785622593,
            0.9679075738125802,
            0.9768934531450577,
            0.9845956354300385
        ],
        [
            0.2901155327342747,
            0.40821566110397944,
            0.569961489088575,
            0.7021822849807445,
            0.7958921694480102,
            0.8395378690629011,
            0.8677792041078305,
            0.8729139922978176,
            0.9024390243902438,
            0.9216944801026957,
            0.9345314505776636,
            0.9525032092426187,
            0.9653401797175866,
            0.975609756097561,
            0.9743260590500641
        ],
        [
            0.25288831835686776,
            0.3876765083440308,
            0.5096277278562259,
            0.6559691912708601,
            0.7265725288831835,
            0.797175866495507,
            0.8870346598202824,
            0.9114249037227213,
            0.9473684210526315,
            0.9525032092426187,
            0.9884467265725289,
            0.993581514762516,
            0.9999999999999999,
            0.9974326059050064,
            0.9961489088575095
        ],
        [
            0.2653846153846154,
            0.38461538461538464,
            0.5474358974358975,
            0.6858974358974359,
            0.782051282051282,
            0.8256410256410256,
            0.8564102564102564,
            0.8897435897435897,
            0.9051282051282051,
            0.9256410256410257,
            0.9461538461538461,
            0.9653846153846154,
            0.9743589743589743,
            0.9884615384615385,
            0.9961538461538462
        ]
    ],
    "train_loss": [
        [
            2.0493936368397305,
            1.8166493372041352,
            1.4298910595932786,
            1.0762321547586091,
            0.8081324678294513,
            0.5958353883149673,
            0.44933050080221526,
            0.37190346450221784,
            0.29436751424658053,
            0.2282726985915583,
            0.18596760654936031,
            0.16521048397586055,
            0.13847964720762507,
            0.12918339806551837,
            0.11196080177110068
        ],
        [
            2.058169824736459,
            1.7712433119209445,
            1.4288933447429113,
            1.0786876763616289,
            0.812755632765439,
            0.628984518197118,
            0.516232541325141,
            0.4327970214036046,
            0.3734808752731401,
            0.30536360179587285,
            0.27037112574492184,
            0.22001673296398047,
            0.1974281076417894,
            0.17171745443222475,
            0.16898647330853403
        ],
        [
            2.106964663583405,
            1.8436809097017561,
            1.5504002984689207,
            1.2251957010249703,
            0.9748420970780509,
            0.7673910175051007,
            0.573187320208063,
            0.4630460474564105,
            0.3453914805942652,
            0.27075732438539973,
            0.2037837357849491,
            0.15903141592838327,
            0.132510422671936,
            0.12318237924150058,
            0.12088094225951604
        ],
        [
            2.1048381717837588,
            1.8319278809489037,
            1.4596043156117808,
            1.095733301980155,
            0.8632152646171803,
            0.6625368072062122,
            0.5604628829323516,
            0.43917068291683586,
            0.3434443333927466,
            0.28807813294079837,
            0.23614616676860925,
            0.2014845730546786,
            0.1780724599957466,
            0.15051134690946463,
            0.1365618382637598
        ]
    ],
    "val_acc": [
        [
            0.3076923076923077,
            0.44230769230769235,
            0.5692307692307692,
            0.6384615384615385,
            0.7038461538461539,
            0.7192307692307692,
            0.7384615384615385,
            0.7192307692307692,
            0.7692307692307693,
            0.7615384615384616,
            0.7807692307692308,
            0.7692307692307693,
            0.7692307692307693,
            0.7846153846153847,
            0.7846153846153847
        ],
        [
            0.2653846153846154,
            0.5076923076923077,
            0.5461538461538462,
            0.6384615384615385,
            0.65,
            0.676923076923077,
            0.6923076923076923,
            0.6846153846153846,
            0.6961538461538462,
            0.6884615384615385,
            0.7000000000000001,
            0.6846153846153846,
            0.7076923076923077,
            0.7038461538461539,
            0.7076923076923077
        ],
        [
            0.3807692307692308,
            0.4461538461538462,
            0.5038461538461538,
            0.5692307692307692,
            0.6153846153846154,
            0.6846153846153846,
            0.7115384615384616,
            0.7423076923076923,
            0.7115384615384616,
            0.7230769230769232,
            0.75,
            0.75,
            0.7538461538461538,
            0.75,
            0.7384615384615385
        ],
        [
            0.2548262548262548,
            0.4749034749034749,
            0.5984555984555985,
            0.667953667953668,
            0.667953667953668,
            0.7104247104247104,
            0.7297297297297297,
            0.7181467181467182,
            0.7606177606177607,
            0.7722007722007722,
            0.7799227799227799,
            0.7837837837837838,
            0.7799227799227799,
            0.7760617760617761,
            0.7760617760617761
        ]
    ],