{
    "train_acc": [
        [
            0.1925545571245186,
            0.2875481386392811,
            0.41976893453145053,
            0.5917843388960204,
            0.7381258023106546,
            0.8318356867779203,
            0.8459563543003851,
            0.8973042362002567,
            0.9127086007702182,
            0.913992297817715,
            0.9306803594351732,
            0.9537869062901154,
            0.9589216944801027,
            0.9717586649550706,
            0.9794608472400512
        ],
        [
            0.22849807445442874,
            0.32477535301668803,
            0.47368421052631576,
            0.6302952503209243,
            0.7201540436456996,
            0.7650834403080873,
            0.8048780487804877,
            0.8600770218228497,
            0.883183568677792,
            0.8960205391527599,
            0.8973042362002567,
            0.9101412066752246,
            0.9165596919127086,
            0.9255455712451861,
            0.9242618741976892
        ],
        [
            0.17586649550706032,
            0.2991014120667522,
            0.3838254172015404,
            0.5044929396662388,
            0.6200256739409499,
            0.6906290115532734,
            0.7637997432605904,
            0.7869062901155327,
            0.8241335044929397,
            0.8575096277278562,
            0.8806161745827984,
            0.8883183568677792,
            0.8960205391527599,
            0.9037227214377406,
            0.9024390243902438
        ],
        [
            0.2602564102564103,
            0.29743589743589743,
            0.3717948717948718,
            0.5307692307692308,
            0.6487179487179487,
            0.7217948717948718,
            0.8051282051282052,
            0.8628205128205129,
            0.8897435897435897,
            0.9153846153846154,
            0.9166666666666666,
            0.941025641025641,
            0.9358974358974359,
            0.941025641025641,
            0.9435897435897436
        ]
    ],
    "train_loss": [
        [
            2.1586901132877054,
            1.987105736365685,
            1.744370964857248,
            1.393885639997629,
            1.0961294174194336,
            0.8090008474313296,
            0.650623775445498,
            0.5237843279655163,
            0.4070736227127222,
            0.369075466807072,
            0.31256789886034453,
            0.2701823264360428,
            0.24813728492993575,
            0.22811512190562028,
            0.2135974271939351
        ],
        [
            2.170530942770151,
            1.903165157024677,
            1.5834583319150484,
            1.2284932686732366,
            1.0000784351275518,
            0.8698739226047809,
            0.7295092458908374,
            0.6319503417381873,
            0.5271669717935416,
            0.47153396331346953,
            0.4219793952428378,
            0.39276382900201356,
            0.3607531442092015,
            0.33774605278785413,
            0.32658547163009644
        ],
        [
            2.188984439923213,
            1.9924994890506451,
            1.8363060401036189,
            1.568600865510794,
            1.276314900471614,
            1.079846515105321,
            0.8970781977360065,
            0.8138482570648193,
            0.6968915966840891,
            0.5988822212586036,
            0.521681159734726,
            0.48558079508634716,
            0.4487049946418175,
            0.40680522185105544,
            0.4036498940907992
        ],
        [
            2.1064340518071103,
            1.9570562564409697,
            1.731376446210421,
            1.4482265985929048,
            1.1970622447820811,
            0.9921564276401813,
            0.8078634647222666,
            0.6622294944066268,
            0.5610903134712806,
            0.482411903830675,
            0.42124078480096966,
            0.37089045575031865,
            0.34566150261805606,
            0.3172097916786487,
            0.3091770318838266
        ]
    ],
    "val_acc": [
        [
            0.30000000000000004,
            0.3961538461538462,
            0.6076923076923078,
            0.6307692307692307,
            0.6615384615384616,
            0.7000000000000001,
            0.6884615384615385,
            0.7000000000000001,
            0.7038461538461539,
            0.7000000000000001,
            0.7115384615384616,
            0.7000000000000001,
            0.7115384615384616,
            0.7153846153846154,
            0.7153846153846154
        ],
        [
            0.30000000000000004,
            0.44230769230769235,
            0.5384615384615385,
            0.5153846153846154,
            0.6269230769230769,
            0.6615384615384616,
            0.6346153846153847,
            0.6615384615384616,
            0.6653846153846155,
            0.6653846153846155,
            0.6846153846153846,
            0.6807692307692308,
            0.6923076923076923,
            0.6846153846153846,
            0.6884615384615385
        ],
        [
            0.31153846153846154,
            0.36923076923076925,
            0.44230769230769235,
            0.41923076923076924,
            0.5461538461538462,
            0.576923076923077,
            0.6230769230769231,
            0.65,
            0.6346153846153847,
            0.6384615384615385,
            0.6538461538461539,
            0.6653846153846155,
            0.6576923076923077,
            0.65,
            0.6538461538461539
        ],
        [
            0.2548262548262548,
            0.26640926640926643,
            0.47876447876447875,
            0.5521235521235521,
            0.6216216216216216,
            0.6640926640926641,
            0.6911196911196912,
            0.694980694980695,
            0.7258687258687259,
            0.7297297297297297,
            0.7258687258687259,
            0.7297297297297297,
            0.722007722007722,
            0.7335907335907336,
            0.7335907335907336
        ]
    ],