{
    "train_acc": [
        [
            0.24390243902439024,
            0.362002567394095,
            0.48523748395378685,
            0.5750962772785622,
            0.6572528883183568,
            0.7265725288831835,
            0.7727856225930679,
            0.821566110397946,
            0.8485237483953786,
            0.876765083440308,
            0.9088575096277278,
            0.9088575096277278,
            0.9332477535301669,
            0.9345314505776636,
            0.9422336328626444
        ],
        [
            0.21309370988446724,
            0.37997432605905,
            0.514762516046213,
            0.6213093709884466,
            0.7304236200256738,
            0.7689345314505777,
            0.82798459563543,
            0.8677792041078305,
            0.9114249037227213,
            0.9370988446726571,
            0.9473684210526315,
            0.9448010269576379,
            0.9576379974326058,
            0.9666238767650833,
            0.9640564826700898
        ],
        [
            0.23876765083440307,
            0.35301668806161746,
            0.5558408215661104,
            0.6842105263157894,
            0.7329910141206675,
            0.7740693196405648,
            0.8433889602053914,
            0.8857509627727855,
            0.9268292682926829,
            0.9332477535301669,
            0.9525032092426187,
            0.9512195121951219,
            0.9666238767650833,
            0.9717586649550706,
            0.9768934531450577
        ],
        [
            0.2782051282051282,
            0.38461538461538464,
            0.4846153846153846,
            0.6166666666666667,
            0.7076923076923077,
            0.7846153846153846,
            0.8307692307692308,
            0.8717948717948718,
            0.8974358974358975,
            0.8987179487179487,
            0.9217948717948717,
            0.9358974358974359,
            0.9435897435897436,
            0.9705128205128205,
            0.9551282051282052
        ]
    ],
    "train_loss": [
        [
            2.0923497530878805,
            1.7903251550635513,
            1.4836041611068103,
            1.2986316048369115,
            1.1041078920267067,
            0.9332470127514431,
            0.8091920529093061,
            0.6845398210749334,
            0.5899266357324562,
            0.5131680135216031,
            0.43770610525900006,
            0.3999142441518453,
            0.35283446661671813,
            0.3274169764956649,
            0.31724389429603306
        ],
        [
            2.1142867511632493,
            1.8310440973359712,
            1.478210176740374,
            1.2189269223991706,
            0.9628452232905796,
            0.7936815570811836,
            0.6452361722381748,
            0.5199624783530528,
            0.41752297385614745,
            0.3440295366608367,
            0.28774564287492205,
            0.27043467395159665,
            0.2336084806189245,
            0.2165638244881922,
            0.21633086231898288
        ],
        [
            2.0591858309142443,
            1.8393579064583292,
            1.5067193775760883,
            1.1437122091955068,
            0.9166866321952976,
            0.7782676365910745,
            0.6305173459101696,
            0.5128345373941927,
            0.408670504482425,
            0.33540815601543505,
            0.2858291440168206,
            0.256512314765429,
            0.21287739976328246,
            0.19377783138533028,
            0.1962361604887612
        ],
        [
            2.058926122529166,
            1.7430294338537722,
            1.4848338535853796,
            1.2101879083380407,
            1.0517975724473292,
            0.8596932060864507,
            0.6825161028881462,
            0.5281037822061655,
            0.40496797920489797,
            0.3478949588476395,
            0.29863183291590945,
            0.254017816514385,
            0.23334994676465892,
            0.20927039891177293,
            0.21197099162607777
        ]
    ],
    "val_acc": [
        [
            0.35000000000000003,
            0.4807692307692308,
            0.5192307692307693,
            0.55,
            0.6076923076923078,
            0.6115384615384616,
            0.6423076923076924,
            0.6384615384615385,
            0.65,
            0.6692307692307693,
            0.6807692307692308,
            0.6615384615384616,
            0.6615384615384616,
            0.6653846153846155,
            0.6692307692307693
        ],
        [
            0.35384615384615387,
            0.42307692307692313,
            0.45769230769230773,
            0.5884615384615385,
            0.6076923076923078,
            0.6230769230769231,
            0.676923076923077,
            0.676923076923077,
            0.6961538461538462,
            0.6923076923076923,
            0.7000000000000001,
            0.7153846153846154,
            0.7192307692307692,
            0.7192307692307692,
            0.7192307692307692
        ],
        [
            0.31153846153846154,
            0.46923076923076923,
            0.5307692307692308,
            0.6230769230769231,
            0.6307692307692307,
            0.7230769230769232,
            0.7230769230769232,
            0.7653846153846154,
            0.7307692307692308,
            0.7692307692307693,
            0.7384615384615385,
            0.7692307692307693,
            0.7730769230769231,
            0.7692307692307693,
            0.7653846153846154
        ],
        [
            0.28185328185328185,
            0.4594594594594595,
            0.48262548262548266,
            0.5984555984555985,
            0.6254826254826255,
            0.6447876447876448,
            0.6833976833976834,
            0.6756756756756757,
            0.6872586872586873,
            0.694980694980695,
            0.6872586872586873,
            0.694980694980695,
            0.7027027027027027,
            0.694980694980695,
            0.7027027027027027
        ]
    ],