{
    "train_acc": [
        [
            0.17073170731707316,
            0.27086007702182285,
            0.3465982028241335,
            0.46084724005134786,
            0.5481386392811296,
            0.6341463414634146,
            0.693196405648267,
            0.7740693196405648,
            0.8408215661103979,
            0.8754813863928113,
            0.8921694480102695,
            0.9024390243902438,
            0.9178433889602053,
            0.9191270860077021,
            0.9255455712451861
        ],
        [
            0.16944801026957637,
            0.2772785622593068,
            0.35301668806161746,
            0.4749679075738125,
            0.5712451861360719,
            0.6611039794608472,
            0.7599486521181,
            0.803594351732991,
            0.8510911424903722,
            0.9037227214377406,
            0.8960205391527599,
            0.9255455712451861,
            0.9229781771501925,
            0.9255455712451861,
            0.93196405648267
        ],
        [
            0.20410783055198972,
            0.2734274711168164,
            0.29525032092426184,
            0.3414634146341463,
            0.40436456996148906,
            0.5494223363286264,
            0.5622593068035943,
            0.6379974326059049,
            0.7008985879332477,
            0.7522464698331194,
            0.7920410783055198,
            0.8164313222079589,
            0.8344030808729139,
            0.8536585365853658,
            0.8677792041078305
        ],
        [
            0.2141025641025641,
            0.30641025641025643,
            0.36666666666666664,
            0.49615384615384617,
            0.6153846153846154,
            0.6705128205128205,
            0.7371794871794872,
            0.7256410256410256,
            0.8205128205128205,
            0.8435897435897436,
            0.8576923076923076,
            0.8858974358974359,
            0.8910256410256411,
            0.8910256410256411,
            0.8974358974358975
        ]
    ],
    "train_loss": [
        [
            2.1988302298954556,
            2.0467238085610524,
            1.845496722630092,
            1.6401873316083635,
            1.4172296183449882,
            1.2659958430698939,
            1.0780519076756068,
            0.9291802815028599,
            0.7850203173501151,
            0.6659681328705379,
            0.5997420591967446,
            0.5285567258085523,
            0.49315682905060904,
            0.4857654997280666,
            0.45379452620233807
        ],
        [
            2.217932326453073,
            1.9904181957244873,
            1.781369686126709,
            1.5371651990073067,
            1.3183031252452306,
            1.1506379502160209,
            0.9625329290117536,
            0.8570154649870736,
            0.7394153901508876,
            0.6414304801395961,
            0.5712128068719592,
            0.5023680967944009,
            0.46387553215026855,
            0.45285262380327496,
            0.4429630722318377
        ],
        [
            2.1933014392852783,
            2.0351703337260654,
            1.9926907335008894,
            1.892601762499128,
            1.735748018537249,
            1.527618408203125,
            1.4113909006118774,
            1.2430643694741386,
            1.0870285204478674,
            0.9494788987295968,
            0.8848521028246198,
            0.78753114598138,
            0.745356159550803,
            0.7220156107630048,
            0.6775024107524327
        ],
        [
            2.209518705095564,
            1.9725958108901978,
            1.7474110467093331,
            1.5319178104400635,
            1.318060347012111,
            1.1250276480402266,
            1.0008773974009924,
            0.8983188484396253,
            0.7444954982825688,
            0.6455709167889186,
            0.5879770985671452,
            0.5253142203603473,
            0.48457331316811697,
            0.45575764562402454,
            0.45595936264310566
        ]
    ],
    "val_acc": [
        [
            0.31923076923076926,
            0.31153846153846154,
            0.3961538461538462,
            0.5153846153846154,
            0.55,
            0.5076923076923077,
            0.5961538461538461,
            0.6346153846153847,
            0.65,
            0.6576923076923077,
            0.676923076923077,
            0.6653846153846155,
            0.6807692307692308,
            0.6730769230769231,
            0.6730769230769231
        ],
        [
            0.30000000000000004,
            0.3038461538461539,
            0.4307692307692308,
            0.55,
            0.5807692307692308,
            0.6076923076923078,
            0.6576923076923077,
            0.6923076923076923,
            0.6884615384615385,
            0.7076923076923077,
            0.7115384615384616,
            0.7307692307692308,
            0.726923076923077,
            0.7192307692307692,
            0.7153846153846154
        ],
        [
            0.31153846153846154,
            0.31153846153846154,
            0.3076923076923077,
            0.4,
            0.48461538461538467,
            0.4730769230769231,
            0.5153846153846154,
            0.5538461538461539,
            0.5653846153846154,
            0.6192307692307693,
            0.6307692307692307,
            0.6576923076923077,
            0.6884615384615385,
            0.7000000000000001,
            0.7000000000000001
        ],
        [
            0.2548262548262548,
            0.25868725868725867,
            0.47876447876447875,
            0.5482625482625483,
            0.5482625482625483,
            0.5598455598455598,
            0.5752895752895753,
            0.5868725868725869,
            0.6370656370656371,
            0.6602316602316602,
            0.6486486486486487,
            0.6756756756756757,
            0.6756756756756757,
            0.667953667953668,
            0.6640926640926641
        ]
    ],