{
    "train_acc": [
        [
            0.27599486521181,
            0.31322207958921694,
            0.39152759948652116,
            0.4582798459563543,
            0.5083440308087291,
            0.5738125802310654,
            0.6097560975609756,
            0.6777920410783055,
            0.704749679075738,
            0.748395378690629,
            0.7779204107830552,
            0.8048780487804877,
            0.8202824133504493,
            0.8254172015404364,
            0.8382541720154043
        ],
        [
            0.2747111681643132,
            0.30808729139922975,
            0.3851091142490372,
            0.45571245186136067,
            0.5417201540436457,
            0.6302952503209243,
            0.6777920410783055,
            0.7394094993581515,
            0.7522464698331194,
            0.7933247753530166,
            0.7984595635430038,
            0.8369704749679076,
            0.8459563543003851,
            0.8421052631578947,
            0.8498074454428755
        ],
        [
            0.2349165596919127,
            0.3581514762516046,
            0.4313222079589217,
            0.5250320924261874,
            0.5982028241335045,
            0.6328626444159178,
            0.6957637997432605,
            0.7381258023106546,
            0.7676508344030808,
            0.8164313222079589,
            0.8395378690629011,
            0.8408215661103979,
            0.8664955070603337,
            0.8677792041078305,
            0.883183568677792
        ],
        [
            0.2551282051282051,
            0.36153846153846153,
            0.4217948717948718,
            0.4897435897435897,
            0.5897435897435898,
            0.617948717948718,
            0.6974358974358974,
            0.7076923076923077,
            0.7576923076923077,
            0.7525641025641026,
            0.7858974358974359,
            0.8012820512820513,
            0.8102564102564103,
            0.8294871794871795,
            0.8320512820512821
        ]
    ],
    "train_loss": [
        [
            2.039902541102195,
            1.8875663061531223,
            1.7195603506905692,
            1.5722787088277388,
            1.4396876680607698,
            1.3059085035810665,
            1.192042083156352,
            1.0515191871292737,
            0.9446212892629662,
            0.8746164325548678,
            0.8043556760768501,
            0.7086186542802927,
            0.6788031720385259,
            0.6568830676224767,
            0.624332952864316
        ],
        [
            2.0835749178516623,
            1.9215864210712665,
            1.750447304881349,
            1.5919980491910661,
            1.4357401266389964,
            1.2613071093753891,
            1.1302149612076429,
            0.9760140265737262,
            0.9101200906597838,
            0.8149447945915923,
            0.7616957772751244,
            0.6955375628811973,
            0.6559497543743679,
            0.6323164196646943,
            0.6142858592223148
        ],
        [
            2.0990646469349765,
            1.865768736722518,
            1.7009459977247277,
            1.4863793485018673,
            1.3023618252909914,
            1.1844016946091944,
            1.0186504332386717,
            0.9216303764557352,
            0.8154706675179151,
            0.7173084726138991,
            0.6574413368896562,
            0.6308363870698579,
            0.5791457930997926,
            0.550248744232314,
            0.5210397030626025
        ],
        [
            2.0650660505100173,
            1.8408167581168973,
            1.6881613293472602,
            1.533388036854413,
            1.3515852555936696,
            1.2317021829741341,
            1.0852926975610304,
            0.995310344866344,
            0.9070223904385859,
            0.8535185164334823,
            0.7914103859541367,
            0.7504217180670524,
            0.6980070392696225,
            0.6692385710015589,
            0.6376232173369856
        ]
    ],
    "val_acc": [
        [
            0.35000000000000003,
            0.3615384615384616,
            0.3769230769230769,
            0.4307692307692308,
            0.4076923076923077,
            0.39230769230769236,
            0.39230769230769236,
            0.4076923076923077,
            0.4346153846153846,
            0.42692307692307696,
            0.44230769230769235,
            0.4346153846153846,
            0.4346153846153846,
            0.4307692307692308,
            0.42307692307692313
        ],
        [
            0.28076923076923077,
            0.31153846153846154,
            0.4076923076923077,
            0.3961538461538462,
            0.4115384615384616,
            0.4153846153846154,
            0.3961538461538462,
            0.4,
            0.42692307692307696,
            0.4307692307692308,
            0.42307692307692313,
            0.4115384615384616,
            0.42307692307692313,
            0.41923076923076924,
            0.42307692307692313
        ],
        [
            0.33461538461538465,
            0.3653846153846154,
            0.38846153846153847,
            0.35384615384615387,
            0.3615384615384616,
            0.4,
            0.40384615384615385,
            0.4153846153846154,
            0.43846153846153846,
            0.4346153846153846,
            0.42307692307692313,
            0.45,
            0.43846153846153846,
            0.4538461538461539,
            0.44230769230769235
        ],
        [
            0.2548262548262548,
            0.32432432432432434,
            0.40540540540540543,
            0.40540540540540543,
            0.4015444015444016,
            0.41312741312741313,
            0.4092664092664093,
            0.38996138996138996,
            0.3861003861003861,
            0.38996138996138996,
            0.4015444015444016,
            0.416988416988417,
            0.39768339768339767,
            0.4015444015444016,
            0.40540540540540543
        ]
    ],