{
    "train_acc": [
        [
            0.30423620025673936,
            0.5263157894736842,
            0.6996148908857509,
            0.7907573812580231,
            0.8228498074454428,
            0.8433889602053914,
            0.8536585365853658,
            0.8562259306803593,
            0.8510911424903722,
            0.8575096277278562,
            0.8652118100128369,
            0.8626444159178434,
            0.8626444159178434,
            0.8600770218228497,
            0.8677792041078305
        ],
        [
            0.2901155327342747,
            0.545571245186136,
            0.6777920410783055,
            0.7394094993581515,
            0.7766367137355583,
            0.815147625160462,
            0.8344030808729139,
            0.8382541720154043,
            0.8433889602053914,
            0.8562259306803593,
            0.8664955070603337,
            0.8793324775353016,
            0.8575096277278562,
            0.8639281129653401,
            0.8690629011553272
        ],
        [
            0.35301668806161746,
            0.5776636713735558,
            0.7021822849807445,
            0.7406931964056482,
            0.7753530166880616,
            0.8189987163029524,
            0.8421052631578947,
            0.8498074454428755,
            0.858793324775353,
            0.8549422336328626,
            0.8664955070603337,
            0.8639281129653401,
            0.8562259306803593,
            0.8626444159178434,
            0.8664955070603337
        ],
        [
            0.32051282051282054,
            0.5666666666666667,
            0.7628205128205128,
            0.8346153846153846,
            0.8884615384615384,
            0.9307692307692308,
            0.9358974358974359,
            0.9551282051282052,
            0.9576923076923077,
            0.9666666666666667,
            0.9615384615384616,
            0.967948717948718,
            0.9782051282051282,
            0.982051282051282,
            0.9628205128205128
        ]
    ],
    "train_loss": [
        [
            1.9564134393419539,
            1.411664366722107,
            1.0811721682548523,
            0.9224919761930194,
            0.8272282992090497,
            0.8095024313245501,
            0.718939483165741,
            0.6512584473405566,
            0.7099645222936358,
            0.6595249899796077,
            0.6508402100631169,
            0.6427708459751946,
            0.6386493018695286,
            0.6119696838515145,
            0.6398032797234399
        ],
        [
            2.0457817997251238,
            1.443353635924203,
            1.122511191027505,
            0.9691044092178345,
            0.8929068957056318,
            0.8148644779409681,
            0.8004970337663379,
            0.7625457729612078,
            0.7251619611467633,
            0.6889170067650932,
            0.657717193875994,
            0.6708871913807732,
            0.6470710933208466,
            0.6745079670633588,
            0.5993055935416903
        ],
        [
            2.0035781860351562,
            1.418474589075361,
            1.1055267368044173,
            0.9451584901128497,
            0.8356863941465106,
            0.771820821932384,
            0.7434974781104496,
            0.6669021546840668,
            0.6600376963615417,
            0.6556769864899772,
            0.6637395684208188,
            0.6031378848212106,
            0.6954609858138221,
            0.6134623544556754,
            0.6581553454910006
        ],
        [
            1.9312125444412231,
            1.204145380428859,
            0.8182642119271415,
            0.576876129422869,
            0.4354687035083771,
            0.36175291878836496,
            0.3028743735381535,
            0.2527693382331303,
            0.22476609264101302,
            0.20517369040421077,
            0.20055576733180455,
            0.18300225053514754,
            0.19494247436523438,
            0.1749912521668843,
            0.17853390106133052
        ]
    ],
    "val_acc": [
        [
            0.48461538461538467,
            0.7576923076923078,
            0.8384615384615385,
            0.8923076923076924,
            0.9076923076923078,
            0.9076923076923078,
            0.9076923076923078,
            0.9076923076923078,
            0.9076923076923078,
            0.9076923076923078,
            0.9115384615384616,
            0.9115384615384616,
            0.9153846153846155,
            0.9115384615384616,
            0.9153846153846155
        ],
        [
            0.5115384615384616,
            0.6884615384615385,
            0.8346153846153846,
            0.8576923076923078,
            0.9384615384615385,
            0.9500000000000001,
            0.9500000000000001,
            0.9500000000000001,
            0.9538461538461539,
            0.9653846153846154,
            0.9730769230769232,
            0.9730769230769232,
            0.976923076923077,
            0.976923076923077,
            0.9807692307692308
        ],
        [
            0.5923076923076923,
            0.7153846153846154,
            0.826923076923077,
            0.8538461538461539,
            0.9346153846153846,
            0.9615384615384616,
            0.9692307692307693,
            0.9730769230769232,
            0.976923076923077,
            0.976923076923077,
            0.976923076923077,
            0.976923076923077,
            0.9730769230769232,
            0.976923076923077,
            0.976923076923077
        ],
        [
            0.3706563706563707,
            0.5791505791505792,
            0.6216216216216216,
            0.6254826254826255,
            0.6795366795366795,
            0.6988416988416989,
            0.694980694980695,
            0.6833976833976834,
            0.6911196911196912,
            0.6795366795366795,
            0.6911196911196912,
            0.6911196911196912,
            0.7104247104247104,
            0.6911196911196912,
            0.7065637065637066
        ]
    ],