{
    "train_acc": [
        [
            0.20282413350449294,
            0.30038510911424904,
            0.3363286264441592,
            0.40436456996148906,
            0.43260590500641843,
            0.4929396662387676,
            0.5417201540436457,
            0.5494223363286264,
            0.5789473684210525,
            0.6354300385109114,
            0.6854942233632862,
            0.7060333761232349,
            0.7227214377406932,
            0.7304236200256738,
            0.7573812580231065
        ],
        [
            0.23876765083440307,
            0.2926829268292683,
            0.32605905006418484,
            0.39152759948652116,
            0.44672657252888315,
            0.4942233632862644,
            0.5481386392811296,
            0.5815147625160462,
            0.6444159178433889,
            0.6880616174582798,
            0.7073170731707317,
            0.7406931964056482,
            0.7740693196405648,
            0.7804878048780487,
            0.7869062901155327
        ],
        [
            0.18356867779204106,
            0.26572528883183566,
            0.30937098844672656,
            0.3324775353016688,
            0.37869062901155326,
            0.4133504492939666,
            0.4788189987163029,
            0.514762516046213,
            0.5673940949935815,
            0.5827984595635429,
            0.6123234916559691,
            0.6585365853658536,
            0.6713735558408215,
            0.6906290115532734,
            0.7124518613607188
        ],
        [
            0.19615384615384615,
            0.30641025641025643,
            0.3141025641025641,
            0.36025641025641025,
            0.37435897435897436,
            0.44358974358974357,
            0.4576923076923077,
            0.4897435897435897,
            0.491025641025641,
            0.5666666666666667,
            0.6076923076923076,
            0.6628205128205128,
            0.6858974358974359,
            0.691025641025641,
            0.6923076923076923
        ]
    ],
    "train_loss": [
        [
            2.1683688989052405,
            1.9963662991156945,
            1.8571092165433443,
            1.752991850559528,
            1.6314367514390211,
            1.5078410460398748,
            1.4215855506750255,
            1.38231295805711,
            1.3037417485163763,
            1.1951799576099102,
            1.0962871725742633,
            1.0120840989626372,
            0.9854411574510428,
            0.9440169930458069,
            0.9343176667506878
        ],
        [
            2.150323372620803,
            2.0144035816192627,
            1.8709122584416316,
            1.7893895277610192,
            1.6381391011751616,
            1.5308244595160851,
            1.4141687521567712,
            1.319989562034607,
            1.2183045423947847,
            1.127224014355586,
            1.0623488288659315,
            0.9736246466636658,
            0.9234380722045898,
            0.9007372901989863,
            0.8824395078879136
        ],
        [
            2.1931361968700704,
            2.025669418848478,
            1.9403404272519624,
            1.843467721572289,
            1.7674721204317534,
            1.6733867021707387,
            1.5598228803047767,
            1.4795305545513446,
            1.4385662445655236,
            1.33114938552563,
            1.2703905747486994,
            1.1611917248139014,
            1.1465351764972394,
            1.1007479475094721,
            1.0976983721439655
        ],
        [
            2.1971684327492347,
            1.988848301080557,
            1.907825699219337,
            1.7976274398656993,
            1.752657807790316,
            1.6304658192854662,
            1.5713600378770094,
            1.526173628293551,
            1.4364581933388343,
            1.334450859289903,
            1.2479566106429467,
            1.1823117778851435,
            1.1201932384417608,
            1.1236577263245215,
            1.1029267127697284
        ]
    ],
    "val_acc": [
        [
            0.30000000000000004,
            0.35384615384615387,
            0.36923076923076925,
            0.3807692307692308,
            0.4115384615384616,
            0.3961538461538462,
            0.3615384615384616,
            0.4307692307692308,
            0.4153846153846154,
            0.4115384615384616,
            0.4153846153846154,
            0.41923076923076924,
            0.40384615384615385,
            0.4115384615384616,
            0.42692307692307696
        ],
        [
            0.30000000000000004,
            0.3230769230769231,
            0.3423076923076923,
            0.38461538461538464,
            0.42692307692307696,
            0.42307692307692313,
            0.4346153846153846,
            0.45,
            0.43846153846153846,
            0.43846153846153846,
            0.45,
            0.4538461538461539,
            0.45,
            0.4307692307692308,
            0.4346153846153846
        ],
        [
            0.31153846153846154,
            0.3230769230769231,
            0.3730769230769231,
            0.35384615384615387,
            0.3807692307692308,
            0.38846153846153847,
            0.3730769230769231,
            0.4307692307692308,
            0.43846153846153846,
            0.46923076923076923,
            0.46153846153846156,
            0.46923076923076923,
            0.4653846153846154,
            0.4538461538461539,
            0.45769230769230773
        ],
        [
            0.2548262548262548,
            0.2548262548262548,
            0.28185328185328185,
            0.38996138996138996,
            0.41312741312741313,
            0.39768339768339767,
            0.3552123552123552,
            0.3861003861003861,
            0.38223938223938225,
            0.416988416988417,
            0.4092664092664093,
            0.40540540540540543,
            0.41312741312741313,
            0.41312741312741313,
            0.41312741312741313
        ]
    ],