{
    "train_acc": [
        [
            0.2477535301668806,
            0.3196405648267009,
            0.41976893453145053,
            0.47240051347881895,
            0.6200256739409499,
            0.6919127086007701,
            0.7586649550706033,
            0.7753530166880616,
            0.8408215661103979,
            0.8870346598202824,
            0.913992297817715,
            0.9293966623876765,
            0.9435173299101411,
            0.9537869062901154,
            0.9550706033376123
        ],
        [
            0.26700898587933247,
            0.3363286264441592,
            0.3709884467265725,
            0.42105263157894735,
            0.49935815147625157,
            0.5442875481386392,
            0.576379974326059,
            0.6007702182284981,
            0.6418485237483953,
            0.6790757381258022,
            0.7252888318356867,
            0.7676508344030808,
            0.7740693196405648,
            0.8023106546854941,
            0.8074454428754814
        ],
        [
            0.2798459563543004,
            0.43260590500641843,
            0.607188703465982,
            0.6765083440308087,
            0.7509627727856225,
            0.8395378690629011,
            0.8818998716302952,
            0.9152759948652117,
            0.9345314505776636,
            0.9576379974326058,
            0.9807445442875481,
            0.9807445442875481,
            0.9884467265725289,
            0.9884467265725289,
            0.9948652118100128
        ],
        [
            0.23717948717948717,
            0.31794871794871793,
            0.46282051282051284,
            0.5525641025641026,
            0.6538461538461539,
            0.7666666666666667,
            0.8256410256410256,
            0.8846153846153846,
            0.908974358974359,
            0.9371794871794872,
            0.9474358974358974,
            0.958974358974359,
            0.9717948717948718,
            0.9769230769230769,
            0.9692307692307692
        ]
    ],
    "train_loss": [
        [
            2.0972221189615676,
            1.8830060958862305,
            1.7149787289755685,
            1.5539670890691328,
            1.3183017470398728,
            1.1281441401462167,
            0.9549617043563298,
            0.8630862692180945,
            0.6618196003291071,
            0.5308505345364006,
            0.4325205923951402,
            0.3723327514468407,
            0.32154922917181133,
            0.2956392602348814,
            0.2861280724102137
        ],
        [
            2.086470959137897,
            1.911155180055268,
            1.8096825152027363,
            1.6870218101812868,
            1.5428660183536762,
            1.4325952615056718,
            1.3361148262510494,
            1.214846632918533,
            1.1117906217672386,
            1.0358004570007324,
            0.9520062402803071,
            0.8863988926216048,
            0.8061734486599358,
            0.7603695690631866,
            0.7287283922944751
        ],
        [
            2.062199137648758,
            1.7638825786357024,
            1.3607164000978276,
            1.1097468758115963,
            0.9008760014358832,
            0.6676613110668805,
            0.4890763999856248,
            0.38073901163072005,
            0.2978115197347135,
            0.22751861620618372,
            0.18257662836386232,
            0.16707083818559743,
            0.14394110578055286,
            0.13472562047595882,
            0.13047422096133232
        ],
        [
            2.1378462655203685,
            1.9132000864768515,
            1.6055429273722124,
            1.306202875108135,
            1.0913522815217778,
            0.8376525683062417,
            0.6667821869558218,
            0.5092030128045958,
            0.4258016277940906,
            0.3428445101088407,
            0.2883375101551718,
            0.2464683946906304,
            0.2070451968786668,
            0.18629424380404608,
            0.1896258998586207
        ]
    ],
    "val_acc": [
        [
            0.3038461538461539,
            0.4346153846153846,
            0.4115384615384616,
            0.5307692307692308,
            0.6000000000000001,
            0.6000000000000001,
            0.6269230769230769,
            0.5538461538461539,
            0.6653846153846155,
            0.6384615384615385,
            0.7038461538461539,
            0.6923076923076923,
            0.6923076923076923,
            0.7000000000000001,
            0.6961538461538462
        ],
        [
            0.30000000000000004,
            0.35000000000000003,
            0.3807692307692308,
            0.3807692307692308,
            0.49230769230769234,
            0.5038461538461538,
            0.5230769230769231,
            0.5269230769230769,
            0.5346153846153846,
            0.576923076923077,
            0.6038461538461539,
            0.6076923076923078,
            0.6230769230769231,
            0.6115384615384616,
            0.6076923076923078
        ],
        [
            0.4346153846153846,
            0.5423076923076924,
            0.576923076923077,
            0.6192307692307693,
            0.6730769230769231,
            0.7692307692307693,
            0.7653846153846154,
            0.7653846153846154,
            0.7576923076923078,
            0.7807692307692308,
            0.7923076923076924,
            0.7807692307692308,
            0.7846153846153847,
            0.7884615384615385,
            0.7807692307692308
        ],
        [
            0.2548262548262548,
            0.3552123552123552,
            0.4749034749034749,
            0.5675675675675675,
            0.5984555984555985,
            0.6563706563706564,
            0.6833976833976834,
            0.6795366795366795,
            0.6911196911196912,
            0.7027027027027027,
            0.7027027027027027,
            0.7104247104247104,
            0.7142857142857143,
            0.722007722007722,
            0.7142857142857143
        ]
    ],