{
    "train_acc": [
        [
            0.1386392811296534,
            0.306803594351733,
            0.37869062901155326,
            0.4698331193838254,
            0.5686777920410783,
            0.6379974326059049,
            0.711168164313222,
            0.7458279845956354,
            0.7946084724005135,
            0.7984595635430038,
            0.8485237483953786,
            0.852374839537869,
            0.8703465982028241,
            0.8818998716302952,
            0.8921694480102695
        ],
        [
            0.20795892169448008,
            0.306803594351733,
            0.39537869062901154,
            0.4826700898587933,
            0.5134788189987163,
            0.6302952503209243,
            0.7137355584082156,
            0.7843388960205391,
            0.82798459563543,
            0.8613607188703465,
            0.8844672657252888,
            0.8934531450577663,
            0.8985879332477534,
            0.9037227214377406,
            0.8960205391527599
        ],
        [
            0.1938382541720154,
            0.27086007702182285,
            0.3401797175866495,
            0.46854942233632857,
            0.5301668806161746,
            0.6187419768934531,
            0.6444159178433889,
            0.7304236200256738,
            0.7894736842105262,
            0.8164313222079589,
            0.8562259306803593,
            0.8664955070603337,
            0.876765083440308,
            0.8818998716302952,
            0.8998716302952503
        ],
        [
            0.17051282051282052,
            0.28974358974358977,
            0.28846153846153844,
            0.36923076923076925,
            0.5012820512820513,
            0.6230769230769231,
            0.7307692307692307,
            0.7884615384615384,
            0.8102564102564103,
            0.8564102564102564,
            0.8858974358974359,
            0.908974358974359,
            0.9243589743589744,
            0.9294871794871795,
            0.9307692307692308
        ]
    ],
    "train_loss": [
        [
            2.275031770978655,
            1.990858793258667,
            1.8625566789082117,
            1.6312963111060006,
            1.4150239058903284,
            1.221070340701512,
            1.0341663360595703,
            0.9464220574923924,
            0.8082086954798017,
            0.7556860787527901,
            0.6560583327497754,
            0.6221026011875698,
            0.5881679483822414,
            0.5436697815145765,
            0.5231544205120632
        ],
        [
            2.2081052575792586,
            1.9712638684681483,
            1.800503100667681,
            1.601523722921099,
            1.4399025780814034,
            1.184144607612065,
            1.0435211403029305,
            0.8766362496784755,
            0.7487075413976397,
            0.6402027138641903,
            0.6126368727002826,
            0.5405966469219753,
            0.5042963027954102,
            0.49873789719172884,
            0.4718068667820522
        ],
        [
            2.2029150554112027,
            2.035893440246582,
            1.9028194120952062,
            1.711721386228289,
            1.5649725028446742,
            1.3598834105900355,
            1.205319344997406,
            1.042796356337411,
            0.8876508133752006,
            0.7804996626717704,
            0.6972911357879639,
            0.6277253031730652,
            0.5698846067701068,
            0.5383873624461037,
            0.521382770368031
        ],
        [
            2.237604481833322,
            2.027238198689052,
            1.965990356036595,
            1.8103231532233102,
            1.583074620791844,
            1.3462958335876465,
            1.1069265007972717,
            0.9423886452402387,
            0.8004181768213,
            0.711550269808088,
            0.6164249394621167,
            0.5580988143171582,
            0.5200043874127525,
            0.47512117879731314,
            0.4676359849316733
        ]
    ],
    "val_acc": [
        [
            0.3730769230769231,
            0.3153846153846154,
            0.4,
            0.5038461538461538,
            0.5461538461538462,
            0.5846153846153846,
            0.6115384615384616,
            0.6115384615384616,
            0.6076923076923078,
            0.6692307692307693,
            0.6115384615384616,
            0.6423076923076924,
            0.6538461538461539,
            0.6384615384615385,
            0.65
        ],
        [
            0.3576923076923077,
            0.31153846153846154,
            0.4,
            0.42307692307692313,
            0.46923076923076923,
            0.5384615384615385,
            0.6269230769230769,
            0.6615384615384616,
            0.6730769230769231,
            0.6615384615384616,
            0.6961538461538462,
            0.7038461538461539,
            0.6923076923076923,
            0.6923076923076923,
            0.6961538461538462
        ],
        [
            0.31153846153846154,
            0.31153846153846154,
            0.40384615384615385,
            0.48461538461538467,
            0.5269230769230769,
            0.5615384615384615,
            0.5615384615384615,
            0.6192307692307693,
            0.6269230769230769,
            0.6807692307692308,
            0.6692307692307693,
            0.6923076923076923,
            0.6961538461538462,
            0.7153846153846154,
            0.7115384615384616
        ],
        [
            0.2548262548262548,
            0.2548262548262548,
            0.26640926640926643,
            0.44787644787644787,
            0.4980694980694981,
            0.6061776061776062,
            0.6293436293436293,
            0.6756756756756757,
            0.6795366795366795,
            0.7181467181467182,
            0.6756756756756757,
            0.694980694980695,
            0.7104247104247104,
            0.7104247104247104,
            0.7104247104247104
        ]
    ],