{
    "train_acc": [
        [
            0.27856225930680356,
            0.4261874197689345,
            0.4698331193838254,
            0.545571245186136,
            0.6521181001283697,
            0.7252888318356867,
            0.7933247753530166,
            0.8639281129653401,
            0.9024390243902438,
            0.9281129653401796,
            0.9435173299101411,
            0.9448010269576379,
            0.9589216944801027,
            0.9602053915275994,
            0.9640564826700898
        ],
        [
            0.21437740693196405,
            0.2734274711168164,
            0.26700898587933247,
            0.355584082156611,
            0.41591784338896015,
            0.48523748395378685,
            0.5776636713735558,
            0.625160462130937,
            0.6919127086007701,
            0.7599486521181,
            0.8074454428754814,
            0.8498074454428755,
            0.8562259306803593,
            0.8716302952503209,
            0.8716302952503209
        ],
        [
            0.24903722721437738,
            0.355584082156611,
            0.4518613607188703,
            0.6418485237483953,
            0.7676508344030808,
            0.8536585365853658,
            0.894736842105263,
            0.9165596919127086,
            0.9281129653401796,
            0.9460847240051348,
            0.9550706033376123,
            0.9602053915275994,
            0.9640564826700898,
            0.9717586649550706,
            0.9679075738125802
        ],
        [
            0.2717948717948718,
            0.37564102564102564,
            0.5192307692307693,
            0.65,
            0.7692307692307693,
            0.8371794871794872,
            0.8717948717948718,
            0.8858974358974359,
            0.9025641025641026,
            0.9243589743589744,
            0.9371794871794872,
            0.9371794871794872,
            0.9512820512820512,
            0.9653846153846154,
            0.9653846153846154
        ]
    ],
    "train_loss": [
        [
            2.039647211833876,
            1.6770715032305037,
            1.4816968951906477,
            1.3570885414979896,
            1.1014258971019668,
            0.9109635194953607,
            0.720962039061955,
            0.555378871000543,
            0.4344395709281065,
            0.36154824860241946,
            0.29749479433711695,
            0.2582637804503344,
            0.21902635663139577,
            0.21148614516975928,
            0.20538844168186188
        ],
        [
            2.104674064383215,
            2.0146725275078596,
            1.994624984507658,
            1.8594978658520445,
            1.7021902240052516,
            1.5188258862008854,
            1.3530826714574073,
            1.2077383666622394,
            1.0544593613974902,
            0.936687209168259,
            0.8009675795934639,
            0.7245962248772991,
            0.6519084773501571,
            0.6208666550869845,
            0.5995510196199223
        ],
        [
            2.0606979593938712,
            1.8345486217615556,
            1.6007053998051857,
            1.2333837504289589,
            0.9538732219715508,
            0.6683825059812896,
            0.5266005180928172,
            0.3890739621556535,
            0.33479511996313016,
            0.275083885357088,
            0.23446400813302215,
            0.22132463479528622,
            0.1961043934736933,
            0.1852577028377932,
            0.17745008661734815
        ],
        [
            2.078850510169049,
            1.8072093141322234,
            1.4684139709083401,
            1.1597418116063487,
            0.8669379566396985,
            0.6580510808497059,
            0.5228751374750721,
            0.41521604009428803,
            0.3527201117605579,
            0.29345582881752325,
            0.2542504094997231,
            0.22248320380339817,
            0.19994910076564673,
            0.18180487525402284,
            0.17819599959315086
        ]
    ],
    "val_acc": [
        [
            0.4076923076923077,
            0.4,
            0.5538461538461539,
            0.5269230769230769,
            0.6038461538461539,
            0.6576923076923077,
            0.6807692307692308,
            0.6923076923076923,
            0.7000000000000001,
            0.7038461538461539,
            0.7038461538461539,
            0.7115384615384616,
            0.7115384615384616,
            0.7153846153846154,
            0.7153846153846154
        ],
        [
            0.30000000000000004,
            0.30000000000000004,
            0.31153846153846154,
            0.36923076923076925,
            0.3961538461538462,
            0.41923076923076924,
            0.46923076923076923,
            0.5346153846153846,
            0.576923076923077,
            0.6000000000000001,
            0.6615384615384616,
            0.6653846153846155,
            0.6615384615384616,
            0.6730769230769231,
            0.6615384615384616
        ],
        [
            0.31153846153846154,
            0.4730769230769231,
            0.6076923076923078,
            0.6923076923076923,
            0.6923076923076923,
            0.7153846153846154,
            0.6923076923076923,
            0.726923076923077,
            0.7346153846153847,
            0.7576923076923078,
            0.7423076923076923,
            0.7538461538461538,
            0.75,
            0.7423076923076923,
            0.7461538461538462
        ],
        [
            0.2702702702702703,
            0.4749034749034749,
            0.6061776061776062,
            0.6138996138996139,
            0.694980694980695,
            0.6833976833976834,
            0.7065637065637066,
            0.7027027027027027,
            0.7181467181467182,
            0.7142857142857143,
            0.7297297297297297,
            0.7335907335907336,
            0.7258687258687259,
            0.7374517374517374,
            0.7335907335907336
        ]
    ],