{
    "train_acc": [
        [
            0.3029525032092426,
            0.5327342747111681,
            0.6765083440308087,
            0.7740693196405648,
            0.821566110397946,
            0.8305519897304235,
            0.8408215661103979,
            0.8305519897304235,
            0.8446726572528882,
            0.8600770218228497
        ],
        [
            0.28241335044929394,
            0.5365853658536585,
            0.6495507060333761,
            0.748395378690629,
            0.7715019255455712,
            0.8164313222079589,
            0.82798459563543,
            0.8433889602053914,
            0.8446726572528882,
            0.8369704749679076
        ],
        [
            0.2798459563543004,
            0.5288831835686778,
            0.686777920410783,
            0.7445442875481386,
            0.7817715019255456,
            0.8074454428754814,
            0.8241335044929397,
            0.8125802310654685,
            0.8292682926829268,
            0.8356867779204107
        ],
        [
            0.3230769230769231,
            0.5346153846153846,
            0.75,
            0.8269230769230769,
            0.8782051282051282,
            0.9051282051282051,
            0.9371794871794872,
            0.9435897435897436,
            0.9333333333333333,
            0.941025641025641
        ]
    ],
    "train_loss": [
        [
            2.017718400274004,
            1.4059758016041346,
            1.0956522992679052,
            0.9307875973837716,
            0.8296204720224652,
            0.7780215569904873,
            0.7143143458025796,
            0.7359476515225002,
            0.7535824051925114,
            0.7221940840993609
        ],
        [
            2.02237982409341,
            1.392451218196324,
            1.1369123118264335,
            0.9332844955580575,
            0.8907860772950309,
            0.785521217754909,
            0.8176917391163963,
            0.7744176302637372,
            0.7157531763826098,
            0.7359570775713239
        ],
        [
            2.0368981191090176,
            1.4224124976566859,
            1.1391621742929732,
            0.9652208174977984,
            0.8691617505890983,
            0.8214547634124756,
            0.766851544380188,
            0.7371359808104379,
            0.7677763487611499,
            0.7309591897896358
        ],
        [
            1.9211970738002233,
            1.2154673082487923,
            0.8576868687357221,
            0.6190417579242161,
            0.4803574596132551,
            0.43025820170130047,
            0.36302327258246286,
            0.33888465591839384,
            0.3319646120071411,
            0.2878632992506027
        ]
    ],
    "val_acc": [
        [
            0.576923076923077,
            0.7423076923076923,
            0.8307692307692308,
            0.8730769230769231,
            0.8923076923076924,
            0.9076923076923078,
            0.9076923076923078,
            0.9076923076923078,
            0.9076923076923078,
            0.9076923076923078
        ],
        [
            0.5346153846153846,
            0.6384615384615385,
            0.8115384615384615,
            0.8769230769230769,
            0.9346153846153846,
            0.9500000000000001,
            0.9461538461538462,
            0.9500000000000001,
            0.9461538461538462,
            0.9500000000000001
        ],
        [
            0.5423076923076924,
            0.7307692307692308,
            0.826923076923077,
            0.8538461538461539,
            0.9115384615384616,
            0.9346153846153846,
            0.9538461538461539,
            0.9576923076923077,
            0.9538461538461539,
            0.9615384615384616
        ],
        [
            0.33976833976833976,
            0.5598455598455598,
            0.6061776061776062,
            0.6138996138996139,
            0.6640926640926641,
            0.6872586872586873,
            0.6756756756756757,
            0.6872586872586873,
            0.6872586872586873,
            0.6756756756756757
        ]
    ],
    "val_loss": [
        [
            1.3201353947321575,
            0.8975646297136942,
            0.6015494565169016,
            0.45977558195590973,
            0.39338694016138714,
            0.32957694431145984,
            0.31929996112982434,
            0.29367193579673767,
            0.28607065478960675,
            0.2838524132966995
        ],
        [
            1.3649303515752156,
            0.9948400060335795,
            0.7075252731641134,
            0.5219249526659647,
            0.4304742018381755,
            0.37595105171203613,
            0.3466666638851166,
            0.3118349611759186,
            0.3014064033826192,
            0.29617980122566223
        ],
        [
            1.3431192636489868,
            0.8887470960617065,
            0.6260660886764526,
            0.5043657918771108,
            0.41253074010213214,
            0.3535057206948598,
            0.3355571925640106,
            0.3330005307992299,
            0.31249919533729553,
            0.30770614743232727
        ],
        [
            1.7486481269200642,
            1.5113352139790852,
            1.3275714715321858,
            1.234378973642985,
            1.1586154301961262,
            1.1904213031133015,
            1.158587654431661,
            1.1287060181299846,
            1.1129101912180583,
            1.1574790477752686
        ]
    ],
    "val_acc_max": [
        0.9076923076923078,
        0.9500000000000001,
        0.9615384615384616,
        0.6872586872586873
    ]
}