{
    "train_acc": [
        [
            0.2477535301668806,
            0.2605905006418485,
            0.27599486521181,
            0.2580231065468549,
            0.30038510911424904,
            0.3427471116816431,
            0.37355584082156607,
            0.3928112965340179,
            0.441591784338896,
            0.4955070603337612,
            0.55198973042362,
            0.5853658536585366,
            0.6084724005134787,
            0.6444159178433889,
            0.6482670089858793
        ],
        [
            0.24903722721437738,
            0.3363286264441592,
            0.44801026957637996,
            0.558408215661104,
            0.6559691912708601,
            0.7548138639281129,
            0.8048780487804877,
            0.8575096277278562,
            0.894736842105263,
            0.9114249037227213,
            0.9255455712451861,
            0.9435173299101411,
            0.9422336328626444,
            0.949935815147625,
            0.9550706033376123
        ],
        [
            0.2464698331193838,
            0.30038510911424904,
            0.36970474967907574,
            0.46854942233632857,
            0.5635430038510911,
            0.6354300385109114,
            0.704749679075738,
            0.7496790757381258,
            0.7830551989730423,
            0.8112965340179717,
            0.8356867779204107,
            0.8549422336328626,
            0.8703465982028241,
            0.8716302952503209,
            0.8780487804878048
        ],
        [
            0.23846153846153847,
            0.31666666666666665,
            0.43205128205128207,
            0.5435897435897435,
            0.6243589743589744,
            0.7435897435897436,
            0.8102564102564103,
            0.8782051282051282,
            0.8974358974358975,
            0.9051282051282051,
            0.9256410256410257,
            0.9307692307692308,
            0.9333333333333333,
            0.9448717948717948,
            0.9371794871794872
        ]
    ],
    "train_loss": [
        [
            2.104146341888272,
            2.028483286195872,
            2.0184856847840913,
            2.0231340491041845,
            1.9391694677119353,
            1.8272729041625042,
            1.7652002232415336,
            1.6629823032690554,
            1.558297045376836,
            1.4456084893674266,
            1.3422469241278512,
            1.248299585313213,
            1.1965024836209355,
            1.1693813423721158,
            1.1224221404717893
        ],
        [
            2.0896958647942054,
            1.8625139168330602,
            1.6364560297557287,
            1.380888245543655,
            1.1450101331788667,
            0.9125420554560058,
            0.7468258105978673,
            0.609469545130827,
            0.4893910866610858,
            0.40033870935440063,
            0.3602282965973932,
            0.29942387433684603,
            0.2720725005682634,
            0.2601224961025374,
            0.24141457616066447
        ],
        [
            2.0971368137671025,
            1.9376139227224856,
            1.794545750228726,
            1.6163482033476537,
            1.399129863904447,
            1.205186435154506,
            1.040030618103183,
            0.883938439038335,
            0.8121792740967809,
            0.7135278394027632,
            0.6458783903900458,
            0.5871034489602459,
            0.5393208514670936,
            0.5169737059242872,
            0.5023430841309684
        ],
        [
            2.095897749978669,
            1.9009173500294587,
            1.642105679122769,
            1.3764777597115965,
            1.1658506880001145,
            0.9346613713673183,
            0.7413061218602317,
            0.5609691225144328,
            0.49069483943131503,
            0.4158507047259078,
            0.3492892410378067,
            0.31415697932243347,
            0.2772488695930462,
            0.2646018373114722,
            0.24730047674811617
        ]
    ],
    "val_acc": [
        [
            0.30000000000000004,
            0.30000000000000004,
            0.30000000000000004,
            0.30000000000000004,
            0.3653846153846154,
            0.35384615384615387,
            0.3807692307692308,
            0.3807692307692308,
            0.3576923076923077,
            0.40384615384615385,
            0.42692307692307696,
            0.4346153846153846,
            0.43846153846153846,
            0.4346153846153846,
            0.43846153846153846
        ],
        [
            0.30000000000000004,
            0.3576923076923077,
            0.46153846153846156,
            0.47692307692307695,
            0.46153846153846156,
            0.43846153846153846,
            0.5153846153846154,
            0.5192307692307693,
            0.5192307692307693,
            0.5423076923076924,
            0.5692307692307692,
            0.5692307692307692,
            0.5653846153846154,
            0.5653846153846154,
            0.5730769230769232
        ],
        [
            0.3153846153846154,
            0.36923076923076925,
            0.41923076923076924,
            0.45,
            0.45769230769230773,
            0.4461538461538462,
            0.4461538461538462,
            0.49230769230769234,
            0.5076923076923077,
            0.5384615384615385,
            0.55,
            0.5615384615384615,
            0.55,
            0.5384615384615385,
            0.5346153846153846
        ],
        [
            0.2548262548262548,
            0.3281853281853282,
            0.40540540540540543,
            0.4864864864864865,
            0.44787644787644787,
            0.47104247104247104,
            0.47876447876447875,
            0.4942084942084942,
            0.47876447876447875,
            0.4980694980694981,
            0.4980694980694981,
            0.5019305019305019,
            0.5019305019305019,
            0.5057915057915058,
            0.5057915057915058
        ]
    ],