{
    "train_acc": [
        [
            0.11938382541720154,
            0.2605905006418485,
            0.2888318356867779,
            0.3979460847240051,
            0.5275994865211809,
            0.5905006418485237,
            0.6482670089858793,
            0.7214377406931963,
            0.7625160462130937,
            0.7894736842105262,
            0.8331193838254172,
            0.8305519897304235,
            0.8793324775353016,
            0.8793324775353016,
            0.9024390243902438
        ],
        [
            0.16944801026957637,
            0.2862644415917843,
            0.37740693196405645,
            0.441591784338896,
            0.5288831835686778,
            0.6559691912708601,
            0.6752246469833119,
            0.7586649550706033,
            0.7715019255455712,
            0.8138639281129653,
            0.8318356867779203,
            0.8433889602053914,
            0.8472400513478818,
            0.8485237483953786,
            0.8536585365853658
        ],
        [
            0.19640564826700896,
            0.2554557124518613,
            0.26700898587933247,
            0.32477535301668803,
            0.41976893453145053,
            0.5019255455712451,
            0.5956354300385108,
            0.6739409499358151,
            0.7355584082156611,
            0.7830551989730423,
            0.797175866495507,
            0.8228498074454428,
            0.8254172015404364,
            0.8267008985879332,
            0.82798459563543
        ],
        [
            0.11923076923076924,
            0.28846153846153844,
            0.3243589743589744,
            0.3935897435897436,
            0.49743589743589745,
            0.6064102564102564,
            0.6782051282051282,
            0.7192307692307692,
            0.782051282051282,
            0.8307692307692308,
            0.8641025641025641,
            0.8525641025641025,
            0.8858974358974359,
            0.8910256410256411,
            0.9025641025641026
        ]
    ],
    "train_loss": [
        [
            2.3061887196132114,
            2.056142909186227,
            1.9640322242464339,
            1.8146206651415144,
            1.5610120637076241,
            1.3499537536076136,
            1.155184498855046,
            1.0217204264232091,
            0.8977058018956866,
            0.8269992385591779,
            0.7315478920936584,
            0.6705353004591805,
            0.6043024020535606,
            0.5832198517663139,
            0.567403278180531
        ],
        [
            2.2460433755602156,
            2.045968243053981,
            1.8197298560823714,
            1.6020623445510864,
            1.5178345782416207,
            1.2407815626689367,
            1.0919440814426966,
            0.9403039046696254,
            0.8186137505940029,
            0.7310976896967206,
            0.6527824487004962,
            0.6193100724901471,
            0.5629093519278935,
            0.5702567143099648,
            0.5406004999365125
        ],
        [
            2.257276637213571,
            2.0775479078292847,
            2.0062297923224315,
            1.8844389574868339,
            1.7010451895850045,
            1.5374019997460502,
            1.3606311423437936,
            1.2181302649634225,
            1.0565606015069144,
            0.9510520696640015,
            0.8439448475837708,
            0.7615122709955487,
            0.722139801297869,
            0.6884390967232841,
            0.6641582037721362
        ],
        [
            2.3086014134543285,
            2.0384429352624074,
            1.8987110001700265,
            1.7477769000189645,
            1.5162387916019984,
            1.338006751877921,
            1.134526320866176,
            1.0304480024746485,
            0.8992433292525155,
            0.8056087068149022,
            0.7039610615798405,
            0.6440669511045728,
            0.6073013884680611,
            0.5792032863412585,
            0.5648224992411477
        ]
    ],
    "val_acc": [
        [
            0.30000000000000004,
            0.30000000000000004,
            0.31923076923076926,
            0.42307692307692313,
            0.5538461538461539,
            0.6076923076923078,
            0.6230769230769231,
            0.6615384615384616,
            0.6615384615384616,
            0.6846153846153846,
            0.6923076923076923,
            0.6923076923076923,
            0.7192307692307692,
            0.7192307692307692,
            0.7153846153846154
        ],
        [
            0.30000000000000004,
            0.3615384615384616,
            0.42307692307692313,
            0.4730769230769231,
            0.5423076923076924,
            0.5307692307692308,
            0.5538461538461539,
            0.5846153846153846,
            0.5846153846153846,
            0.6230769230769231,
            0.6461538461538462,
            0.6230769230769231,
            0.6269230769230769,
            0.6346153846153847,
            0.6346153846153847
        ],
        [
            0.31153846153846154,
            0.31153846153846154,
            0.31153846153846154,
            0.4461538461538462,
            0.4538461538461539,
            0.5730769230769232,
            0.5846153846153846,
            0.6423076923076924,
            0.6153846153846154,
            0.6461538461538462,
            0.6576923076923077,
            0.6615384615384616,
            0.6653846153846155,
            0.6615384615384616,
            0.6615384615384616
        ],
        [
            0.2548262548262548,
            0.2548262548262548,
            0.305019305019305,
            0.48262548262548266,
            0.5637065637065637,
            0.5907335907335908,
            0.61003861003861,
            0.6447876447876448,
            0.6756756756756757,
            0.667953667953668,
            0.6640926640926641,
            0.694980694980695,
            0.6833976833976834,
            0.694980694980695,
            0.6988416988416989
        ]
    ],