{
    "train_acc": [
        [
            0.16302952503209242,
            0.27856225930680356,
            0.35301668806161746,
            0.5032092426187419,
            0.5982028241335045,
            0.6996148908857509,
            0.7342747111681642,
            0.7804878048780487,
            0.8164313222079589,
            0.8716302952503209,
            0.8806161745827984,
            0.8883183568677792,
            0.9024390243902438,
            0.9088575096277278,
            0.9101412066752246,
            0.9204107830551989,
            0.9204107830551989,
            0.9268292682926829,
            0.9281129653401796,
            0.9422336328626444,
            0.9525032092426187,
            0.956354300385109,
            0.9486521181001283,
            0.9550706033376123,
            0.956354300385109
        ]
    ],
    "train_loss": [
        [
            2.2335358687809537,
            2.0009364741189137,
            1.8515873466219221,
            1.593861392566136,
            1.3777580942426408,
            1.1136173009872437,
            0.9314401490347726,
            0.8444245287350246,
            0.7176000901630947,
            0.5719179213047028,
            0.496273398399353,
            0.4257701188325882,
            0.3486511835030147,
            0.3257473430463246,
            0.3005679441349847,
            0.2831168366330011,
            0.25357781031302046,
            0.23520203892673766,
            0.23438667612416403,
            0.2109954452940396,
            0.2089383378624916,
            0.19068134150334767,
            0.18342815605657442,
            0.1947512924671173,
            0.17968823228563582
        ]
    ],
    "val_acc": [
        [
            0.30000000000000004,
            0.30000000000000004,
            0.4538461538461539,
            0.4884615384615385,
            0.5846153846153846,
            0.6307692307692307,
            0.6461538461538462,
            0.6307692307692307,
            0.6692307692307693,
            0.6730769230769231,
            0.6807692307692308,
            0.6846153846153846,
            0.6961538461538462,
            0.6884615384615385,
            0.6846153846153846,
            0.6923076923076923,
            0.6923076923076923,
            0.6961538461538462,
            0.7000000000000001,
            0.7000000000000001,
            0.6846153846153846,
            0.6923076923076923,
            0.6923076923076923,
            0.7000000000000001,
            0.6961538461538462
        ]
    ],
    "val_loss": [
        [
            2.0629488627115884,
            1.9045489231745403,
            1.606657862663269,
            1.514763871828715,
            1.2169784903526306,
            1.0580331683158875,
            1.0753097534179688,
            1.0446686049302418,
            1.0102154612541199,
            0.9205437501271566,
            0.9019825259844462,
            0.8866483271121979,
            0.8719701667626699,
            0.8749079902966818,
            0.8768565754095713,
            0.8559088309605917,
            0.8553079664707184,
            0.8564678976933161,
            0.878701850771904,
            0.8842732906341553,
            0.8559949696063995,
            0.858215813835462,
            0.8529119988282522,
            0.8546608785788218,
            0.8554731061061224
        ]
    ],
    "val_acc_max": [
        0.7000000000000001
    ]
}