{
    "train_acc": [
        [
            0.2644415917843389,
            0.34788189987163026,
            0.3992297817715019,
            0.4813863928112965,
            0.5943517329910141,
            0.6456996148908857,
            0.7060333761232349,
            0.7804878048780487,
            0.8549422336328626,
            0.8806161745827984,
            0.9062901155327342,
            0.9268292682926829,
            0.9255455712451861,
            0.9242618741976892,
            0.9345314505776636
        ],
        [
            0.2926829268292683,
            0.35173299101412064,
            0.4403080872913992,
            0.5263157894736842,
            0.6213093709884466,
            0.7432605905006417,
            0.8074454428754814,
            0.8575096277278562,
            0.883183568677792,
            0.9127086007702182,
            0.9229781771501925,
            0.9345314505776636,
            0.9396662387676508,
            0.9435173299101411,
            0.9460847240051348
        ],
        [
            0.2862644415917843,
            0.4544287548138639,
            0.5956354300385108,
            0.6675224646983311,
            0.7625160462130937,
            0.8395378690629011,
            0.8729139922978176,
            0.8896020539152759,
            0.9191270860077021,
            0.9435173299101411,
            0.9640564826700898,
            0.9717586649550706,
            0.9807445442875481,
            0.9781771501925545,
            0.987163029525032
        ],
        [
            0.26666666666666666,
            0.43205128205128207,
            0.5474358974358975,
            0.658974358974359,
            0.7602564102564102,
            0.8397435897435898,
            0.8807692307692307,
            0.9115384615384615,
            0.9307692307692308,
            0.9576923076923077,
            0.967948717948718,
            0.9730769230769231,
            0.9769230769230769,
            0.9769230769230769,
            0.9846153846153847
        ]
    ],
    "train_loss": [
        [
            2.0989300742441293,
            1.8812017319153767,
            1.7748464759515257,
            1.5887793886418244,
            1.3195648400150999,
            1.1333456088085563,
            0.9338092256565483,
            0.7909432582709254,
            0.6554352689762505,
            0.5720338714974267,
            0.48157451164965726,
            0.40362682938575745,
            0.3743731349098439,
            0.36103782148993746,
            0.35423363699596755
        ],
        [
            2.044037950282194,
            1.8432248490197318,
            1.6718341647362223,
            1.4663452469572729,
            1.1986217291987673,
            0.9175311485115363,
            0.7529362233317628,
            0.5997138783639792,
            0.5137917892057069,
            0.42868684414698155,
            0.3674391349967645,
            0.32845580821134607,
            0.29443781564430316,
            0.2838791122241896,
            0.26749450682985537
        ],
        [
            2.072098289217268,
            1.7102358365545467,
            1.347391860825675,
            1.1155797340431992,
            0.8605705061737372,
            0.6606617685483427,
            0.4879891446658543,
            0.38342256463912067,
            0.3054432230336325,
            0.23976959409762402,
            0.19739475633416856,
            0.172069003311347,
            0.15370430766927953,
            0.13553628781620336,
            0.12810050878597765
        ],
        [
            2.0747656457278194,
            1.7209795713424683,
            1.4308884520919956,
            1.1410670061500705,
            0.8651539537371421,
            0.6493965776599183,
            0.4899253249168396,
            0.364690114040764,
            0.2800707858131856,
            0.24375504658234362,
            0.19787838484863846,
            0.1724337940009273,
            0.14788619063946665,
            0.14427125089022577,
            0.13591696808532794
        ]
    ],
    "val_acc": [
        [
            0.35000000000000003,
            0.4,
            0.4346153846153846,
            0.5153846153846154,
            0.5807692307692308,
            0.6346153846153847,
            0.6423076923076924,
            0.6730769230769231,
            0.6653846153846155,
            0.7000000000000001,
            0.7038461538461539,
            0.7115384615384616,
            0.6961538461538462,
            0.7038461538461539,
            0.7038461538461539
        ],
        [
            0.3769230769230769,
            0.4346153846153846,
            0.5115384615384616,
            0.5538461538461539,
            0.6230769230769231,
            0.6615384615384616,
            0.6384615384615385,
            0.6423076923076924,
            0.6846153846153846,
            0.7000000000000001,
            0.7000000000000001,
            0.7038461538461539,
            0.7038461538461539,
            0.7153846153846154,
            0.7115384615384616
        ],
        [
            0.42692307692307696,
            0.55,
            0.5961538461538461,
            0.6192307692307693,
            0.6461538461538462,
            0.7115384615384616,
            0.7115384615384616,
            0.7192307692307692,
            0.7346153846153847,
            0.726923076923077,
            0.726923076923077,
            0.7423076923076923,
            0.7538461538461538,
            0.7461538461538462,
            0.75
        ],
        [
            0.3938223938223938,
            0.4980694980694981,
            0.61003861003861,
            0.6061776061776062,
            0.6988416988416989,
            0.6872586872586873,
            0.7374517374517374,
            0.7181467181467182,
            0.7374517374517374,
            0.7374517374517374,
            0.7297297297297297,
            0.7297297297297297,
            0.7297297297297297,
            0.7335907335907336,
            0.7335907335907336
        ]
    ],